{"stats":{"minecraft:mined":{"minecraft:tall_grass":1,"minecraft:short_grass":4},"minecraft:custom":{"minecraft:jump":158,"minecraft:open_chest":1,"minecraft:time_since_rest":5301,"minecraft:leave_game":1,"minecraft:walk_on_water_one_cm":204,"minecraft:sprint_one_cm":15100,"minecraft:play_time":5301,"minecraft:damage_taken":50,"minecraft:time_since_death":5301,"minecraft:walk_one_cm":2604,"minecraft:sneak_time":31,"minecraft:total_world_time":5301,"minecraft:drop":1,"minecraft:fall_one_cm":6186,"minecraft:fly_one_cm":46320},"minecraft:dropped":{"minecraft:wheat_seeds":1},"minecraft:picked_up":{"minecraft:wheat_seeds":1}},"DataVersion":3953}