{"stats":{"minecraft:used":{"minecraft:oak_trapdoor":1,"minecraft:wheat_seeds":88,"minecraft:water_bucket":4,"minecraft:stone_pickaxe":65,"minecraft:stone_shovel":90,"minecraft:oak_planks":95,"minecraft:wooden_pickaxe":3,"minecraft:stone_hoe":81,"minecraft:rotten_flesh":2,"minecraft:dirt":11,"minecraft:crafting_table":4,"minecraft:white_bed":6,"minecraft:bread":3,"minecraft:stone_axe":87,"minecraft:cobblestone":6,"minecraft:beef":4,"minecraft:porkchop":3,"minecraft:bucket":4,"minecraft:oak_boat":3},"minecraft:mined":{"minecraft:white_bed":5,"minecraft:dandelion":7,"minecraft:crafting_table":2,"minecraft:short_grass":444,"minecraft:grass_block":38,"minecraft:poppy":1,"minecraft:tall_grass":33,"minecraft:cobblestone":6,"minecraft:grindstone":1,"minecraft:composter":2,"minecraft:oak_planks":4,"minecraft:oxeye_daisy":1,"minecraft:carrots":1,"minecraft:fire":1,"minecraft:wheat":22,"minecraft:oak_log":23,"minecraft:dirt_path":5,"minecraft:dirt":49,"minecraft:stripped_oak_log":16,"minecraft:stone":61,"minecraft:oak_leaves":1},"minecraft:crafted":{"minecraft:oak_planks":156,"minecraft:stone_shovel":1,"minecraft:crafting_table":2,"minecraft:wooden_pickaxe":1,"minecraft:bucket":1,"minecraft:stone_axe":1,"minecraft:bread":3,"minecraft:oak_trapdoor":4,"minecraft:oak_boat":2,"minecraft:stick":12,"minecraft:stone_pickaxe":1,"minecraft:white_bed":2,"minecraft:stone_hoe":1},"minecraft:dropped":{"minecraft:oak_sapling":2,"minecraft:spider_eye":1},"minecraft:picked_up":{"minecraft:stripped_oak_log":16,"minecraft:crafting_table":2,"minecraft:wheat":9,"minecraft:leather":1,"minecraft:oak_log":23,"minecraft:dirt":31,"minecraft:wheat_seeds":96,"minecraft:grindstone":1,"minecraft:iron_ingot":13,"minecraft:beef":5,"minecraft:oak_boat":1,"minecraft:poppy":1,"minecraft:oak_planks":4,"minecraft:composter":2,"minecraft:dandelion":6,"minecraft:porkchop":8,"minecraft:white_bed":4,"minecraft:carrot":1,"minecraft:spider_eye":1,"minecraft:rotten_flesh":2,"minecraft:oak_sapling":3,"minecraft:mutton":2,"minecraft:white_wool":1,"minecraft:cobblestone":67,"minecraft:oxeye_daisy":1},"minecraft:custom":{"minecraft:mob_kills":13,"minecraft:interact_with_crafting_table":15,"minecraft:leave_game":2,"minecraft:time_since_death":34108,"minecraft:sleep_in_bed":4,"minecraft:time_since_rest":9094,"minecraft:sprint_one_cm":103283,"minecraft:damage_taken":220,"minecraft:walk_one_cm":102713,"minecraft:drop":3,"minecraft:damage_dealt":4455,"minecraft:talked_to_villager":1,"minecraft:fly_one_cm":135637,"minecraft:open_chest":4,"minecraft:crouch_one_cm":10814,"minecraft:play_time":34108,"minecraft:sneak_time":4381,"minecraft:boat_one_cm":14155,"minecraft:jump":655,"minecraft:walk_on_water_one_cm":4299,"minecraft:total_world_time":34108,"minecraft:fall_one_cm":15105},"minecraft:killed":{"minecraft:pig":3,"minecraft:spider":1,"minecraft:iron_golem":3,"minecraft:sheep":1,"minecraft:zombie":3,"minecraft:cow":2}},"DataVersion":3953}