{"stats":{"minecraft:used":{"minecraft:wheat_seeds":12,"minecraft:water_bucket":1,"minecraft:stone_pickaxe":30,"minecraft:oak_planks":95,"minecraft:wooden_pickaxe":3,"minecraft:stone_hoe":80,"minecraft:rotten_flesh":2,"minecraft:stone_axe":67,"minecraft:cobblestone":6,"minecraft:beef":1,"minecraft:crafting_table":3,"minecraft:porkchop":1,"minecraft:bucket":1,"minecraft:white_bed":3},"minecraft:crafted":{"minecraft:oak_planks":156,"minecraft:stone_shovel":1,"minecraft:crafting_table":1,"minecraft:stick":12,"minecraft:wooden_pickaxe":1,"minecraft:stone_pickaxe":1,"minecraft:white_bed":1,"minecraft:bucket":1,"minecraft:stone_hoe":1,"minecraft:stone_axe":1,"minecraft:oak_trapdoor":4},"minecraft:mined":{"minecraft:white_bed":2,"minecraft:wheat":2,"minecraft:dandelion":7,"minecraft:crafting_table":2,"minecraft:short_grass":78,"minecraft:grass_block":1,"minecraft:oak_log":23,"minecraft:poppy":1,"minecraft:stripped_oak_log":16,"minecraft:tall_grass":18,"minecraft:cobblestone":6,"minecraft:stone":27,"minecraft:oak_planks":4,"minecraft:oxeye_daisy":1,"minecraft:oak_leaves":1},"minecraft:dropped":{"minecraft:oak_sapling":2},"minecraft:picked_up":{"minecraft:stripped_oak_log":16,"minecraft:crafting_table":2,"minecraft:wheat":2,"minecraft:leather":1,"minecraft:dandelion":6,"minecraft:porkchop":5,"minecraft:oak_log":23,"minecraft:white_bed":2,"minecraft:dirt":1,"minecraft:rotten_flesh":2,"minecraft:wheat_seeds":17,"minecraft:beef":3,"minecraft:iron_ingot":8,"minecraft:poppy":1,"minecraft:oak_sapling":3,"minecraft:mutton":2,"minecraft:oak_planks":4,"minecraft:white_wool":1,"minecraft:cobblestone":33,"minecraft:oxeye_daisy":1},"minecraft:custom":{"minecraft:time_since_rest":8236,"minecraft:sprint_one_cm":38813,"minecraft:damage_taken":100,"minecraft:walk_one_cm":36164,"minecraft:mob_kills":8,"minecraft:drop":2,"minecraft:damage_dealt":2765,"minecraft:interact_with_crafting_table":7,"minecraft:fly_one_cm":91937,"minecraft:open_chest":2,"minecraft:crouch_one_cm":5192,"minecraft:play_time":15674,"minecraft:sneak_time":2302,"minecraft:jump":383,"minecraft:leave_game":1,"minecraft:time_since_death":15674,"minecraft:sleep_in_bed":1,"minecraft:total_world_time":15674,"minecraft:fall_one_cm":11018},"minecraft:killed":{"minecraft:sheep":1,"minecraft:zombie":2,"minecraft:pig":2,"minecraft:iron_golem":2,"minecraft:cow":1}},"DataVersion":3953}