{"stats":{"minecraft:used":{"minecraft:stone_axe":19,"minecraft:crafting_table":1,"minecraft:stone_pickaxe":24,"minecraft:oak_planks":79,"minecraft:wooden_pickaxe":3},"minecraft:crafted":{"minecraft:oak_planks":92,"minecraft:stone_shovel":1,"minecraft:stone_axe":1,"minecraft:crafting_table":1,"minecraft:stick":8,"minecraft:wooden_pickaxe":1,"minecraft:stone_pickaxe":1},"minecraft:mined":{"minecraft:short_grass":26,"minecraft:grass_block":1,"minecraft:oak_log":11,"minecraft:stripped_oak_log":12,"minecraft:stone":27,"minecraft:oak_planks":1,"minecraft:crafting_table":1,"minecraft:oak_leaves":1},"minecraft:dropped":{"minecraft:oak_sapling":2},"minecraft:picked_up":{"minecraft:stripped_oak_log":12,"minecraft:crafting_table":1,"minecraft:wheat_seeds":3,"minecraft:oak_log":11,"minecraft:oak_planks":1,"minecraft:oak_sapling":2,"minecraft:dirt":1,"minecraft:cobblestone":27},"minecraft:custom":{"minecraft:time_since_rest":6284,"minecraft:crouch_one_cm":3495,"minecraft:play_time":6284,"minecraft:sprint_one_cm":10992,"minecraft:walk_one_cm":11338,"minecraft:sneak_time":1290,"minecraft:drop":2,"minecraft:jump":135,"minecraft:time_since_death":6284,"minecraft:total_world_time":6284,"minecraft:interact_with_crafting_table":3,"minecraft:fall_one_cm":5039,"minecraft:fly_one_cm":30595}},"DataVersion":3953}