{"stats":{"minecraft:used":{"minecraft:wheat_seeds":11,"minecraft:water_bucket":1,"minecraft:stone_pickaxe":27,"minecraft:oak_planks":95,"minecraft:wooden_pickaxe":3,"minecraft:stone_hoe":80,"minecraft:rotten_flesh":2,"minecraft:stone_axe":54,"minecraft:cobblestone":3,"minecraft:beef":1,"minecraft:crafting_table":3,"minecraft:bucket":1},"minecraft:mined":{"minecraft:dandelion":7,"minecraft:crafting_table":2,"minecraft:short_grass":71,"minecraft:poppy":1,"minecraft:grass_block":1,"minecraft:oak_log":23,"minecraft:stripped_oak_log":16,"minecraft:tall_grass":11,"minecraft:cobblestone":3,"minecraft:stone":27,"minecraft:oak_planks":3,"minecraft:oxeye_daisy":1,"minecraft:oak_leaves":1},"minecraft:crafted":{"minecraft:oak_planks":156,"minecraft:stone_shovel":1,"minecraft:crafting_table":1,"minecraft:stick":12,"minecraft:wooden_pickaxe":1,"minecraft:stone_pickaxe":1,"minecraft:bucket":1,"minecraft:stone_hoe":1,"minecraft:stone_axe":1},"minecraft:dropped":{"minecraft:oak_sapling":2},"minecraft:picked_up":{"minecraft:stripped_oak_log":16,"minecraft:crafting_table":2,"minecraft:leather":1,"minecraft:dandelion":6,"minecraft:oak_log":23,"minecraft:dirt":1,"minecraft:rotten_flesh":2,"minecraft:wheat_seeds":11,"minecraft:beef":3,"minecraft:iron_ingot":3,"minecraft:poppy":1,"minecraft:oak_sapling":3,"minecraft:mutton":2,"minecraft:oak_planks":3,"minecraft:white_wool":1,"minecraft:cobblestone":30,"minecraft:oxeye_daisy":1},"minecraft:custom":{"minecraft:time_since_rest":4609,"minecraft:sprint_one_cm":25563,"minecraft:damage_taken":100,"minecraft:walk_one_cm":30282,"minecraft:mob_kills":5,"minecraft:drop":2,"minecraft:damage_dealt":1566,"minecraft:interact_with_crafting_table":5,"minecraft:fly_one_cm":57097,"minecraft:open_chest":1,"minecraft:crouch_one_cm":4773,"minecraft:play_time":12047,"minecraft:sneak_time":1840,"minecraft:jump":255,"minecraft:leave_game":1,"minecraft:time_since_death":12047,"minecraft:sleep_in_bed":1,"minecraft:total_world_time":12047,"minecraft:fall_one_cm":8123},"minecraft:killed":{"minecraft:sheep":1,"minecraft:zombie":2,"minecraft:iron_golem":1,"minecraft:cow":1}},"DataVersion":3953}