{"stats":{"minecraft:used":{"minecraft:redstone_torch":1,"minecraft:oak_slab":3,"minecraft:bread":2,"minecraft:carrot":7,"minecraft:stone_hoe":1},"minecraft:picked_up":{"minecraft:oak_slab":3,"minecraft:redstone_torch":1,"minecraft:oak_log":6,"minecraft:carrot":30,"minecraft:string":123},"minecraft:dropped":{"minecraft:string":127},"minecraft:custom":{"minecraft:open_chest":11,"minecraft:time_since_rest":5667,"minecraft:crouch_one_cm":895,"minecraft:sprint_one_cm":69461,"minecraft:play_time":22274,"minecraft:damage_taken":175,"minecraft:walk_one_cm":19378,"minecraft:sneak_time":479,"minecraft:walk_under_water_one_cm":74,"minecraft:drop":124,"minecraft:jump":709,"minecraft:damage_dealt":1,"minecraft:leave_game":3,"minecraft:time_since_death":22274,"minecraft:walk_on_water_one_cm":7042,"minecraft:sleep_in_bed":1,"minecraft:climb_one_cm":2512,"minecraft:traded_with_villager":113,"minecraft:total_world_time":22274,"minecraft:talked_to_villager":17,"minecraft:fall_one_cm":22708,"minecraft:fly_one_cm":186272},"minecraft:mined":{"minecraft:oak_slab":3,"minecraft:oak_log":6,"minecraft:glass":1},"minecraft:crafted":{"minecraft:oak_planks":24,"minecraft:emerald":96,"minecraft:stone_hoe":1,"minecraft:crafting_table":1,"minecraft:bread":96,"minecraft:air":0}},"DataVersion":3953}