{"stats":{"minecraft:mined":{"minecraft:short_grass":1},"minecraft:custom":{"minecraft:jump":66,"minecraft:time_since_rest":2311,"minecraft:crouch_one_cm":241,"minecraft:sprint_one_cm":8826,"minecraft:play_time":2311,"minecraft:time_since_death":2311,"minecraft:walk_one_cm":8866,"minecraft:sneak_time":104,"minecraft:total_world_time":2311,"minecraft:talked_to_villager":3,"minecraft:drop":2,"minecraft:fall_one_cm":2208,"minecraft:fly_one_cm":15318},"minecraft:dropped":{"minecraft:rotten_flesh":3},"minecraft:picked_up":{"minecraft:rotten_flesh":3}},"DataVersion":3953}