{"stats":{"minecraft:mined":{"minecraft:tuff":18,"minecraft:white_bed":1,"minecraft:deepslate_diamond_ore":4,"minecraft:oak_door":1,"minecraft:dandelion":1,"minecraft:clay":11,"minecraft:crafting_table":9,"minecraft:short_grass":6,"minecraft:grass_block":2,"minecraft:tall_grass":1,"minecraft:moss_block":6,"minecraft:sugar_cane":24,"minecraft:furnace":2,"minecraft:iron_ore":22,"minecraft:gold_block":2,"minecraft:coal_ore":21,"minecraft:oak_log":65,"minecraft:deepslate_iron_ore":2,"minecraft:dirt":3,"minecraft:azalea_leaves":1,"minecraft:stone":69,"minecraft:deepslate":47,"minecraft:oak_leaves":22},"minecraft:custom":{"minecraft:interact_with_furnace":23,"minecraft:mob_kills":22,"minecraft:interact_with_crafting_table":15,"minecraft:leave_game":2,"minecraft:time_since_death":45647,"minecraft:sleep_in_bed":1,"minecraft:climb_one_cm":1279,"minecraft:time_since_rest":19943,"minecraft:sprint_one_cm":156143,"minecraft:damage_absorbed":40,"minecraft:damage_taken":502,"minecraft:walk_one_cm":51358,"minecraft:drop":25,"minecraft:damage_dealt":2561,"minecraft:talked_to_villager":3,"minecraft:swim_one_cm":44379,"minecraft:fly_one_cm":237007,"minecraft:open_chest":4,"minecraft:crouch_one_cm":13381,"minecraft:play_time":45647,"minecraft:sneak_time":5359,"minecraft:walk_under_water_one_cm":13793,"minecraft:boat_one_cm":41897,"minecraft:jump":991,"minecraft:walk_on_water_one_cm":11173,"minecraft:total_world_time":45647,"minecraft:fall_one_cm":27703},"minecraft:used":{"minecraft:water_bucket":1,"minecraft:stone_pickaxe":65,"minecraft:oak_planks":32,"minecraft:wooden_pickaxe":19,"minecraft:oak_door":1,"minecraft:white_wool":2,"minecraft:golden_apple":1,"minecraft:dirt":4,"minecraft:crafting_table":9,"minecraft:white_bed":1,"minecraft:iron_axe":12,"minecraft:iron_pickaxe":106,"minecraft:stone_axe":73,"minecraft:diamond_sword":20,"minecraft:cobblestone":5,"minecraft:cooked_porkchop":4,"minecraft:oak_sapling":1,"minecraft:furnace":2,"minecraft:bucket":2,"minecraft:oak_boat":1,"minecraft:cooked_beef":4},"minecraft:dropped":{"minecraft:moss_carpet":4,"minecraft:stone_axe":1,"minecraft:moss_block":6,"minecraft:wheat_seeds":2,"minecraft:cobbled_deepslate":14,"minecraft:tuff":18,"minecraft:rotten_flesh":3,"minecraft:clay_ball":40,"minecraft:diamond_sword":1,"minecraft:dirt":3,"minecraft:gray_wool":1,"minecraft:azalea":1,"minecraft:oak_sapling":2,"minecraft:stone_pickaxe":1,"minecraft:white_wool":1,"minecraft:dandelion":1,"minecraft:bone":3},"minecraft:crafted":{"minecraft:cooked_beef":9,"minecraft:oak_door":3,"minecraft:oak_planks":260,"minecraft:cooked_porkchop":16,"minecraft:crafting_table":1,"minecraft:wooden_pickaxe":1,"minecraft:furnace":1,"minecraft:bucket":1,"minecraft:stone_axe":1,"minecraft:air":0,"minecraft:oak_boat":1,"minecraft:golden_apple":1,"minecraft:iron_axe":1,"minecraft:stick":8,"minecraft:iron_ingot":9,"minecraft:iron_pickaxe":1,"minecraft:stone_pickaxe":1,"minecraft:gold_ingot":18,"minecraft:white_bed":1},"minecraft:picked_up":{"minecraft:crafting_table":9,"minecraft:clay_ball":40,"minecraft:leather":4,"minecraft:diamond_sword":2,"minecraft:gold_block":2,"minecraft:tuff":18,"minecraft:oak_log":65,"minecraft:dirt":7,"minecraft:moss_carpet":4,"minecraft:bone":3,"minecraft:apple":1,"minecraft:wheat_seeds":2,"minecraft:cobbled_deepslate":53,"minecraft:beef":9,"minecraft:oak_boat":1,"minecraft:azalea":1,"minecraft:moss_block":6,"minecraft:sugar_cane":50,"minecraft:furnace":2,"minecraft:stick":3,"minecraft:raw_iron":24,"minecraft:oak_door":1,"minecraft:dandelion":1,"minecraft:porkchop":16,"minecraft:white_bed":1,"minecraft:arrow":4,"minecraft:rotten_flesh":3,"minecraft:diamond":4,"minecraft:diamond_boots":1,"minecraft:gray_wool":1,"minecraft:oak_sapling":3,"minecraft:mutton":10,"minecraft:coal":33,"minecraft:white_wool":6,"minecraft:cobblestone":68},"minecraft:killed":{"minecraft:pig":8,"minecraft:skeleton":2,"minecraft:sheep":7,"minecraft:zombie":1,"minecraft:cow":4}},"DataVersion":3953}