{"stats":{"minecraft:used":{"minecraft:water_bucket":1,"minecraft:stone_pickaxe":65,"minecraft:oak_planks":32,"minecraft:wooden_pickaxe":19,"minecraft:oak_door":1,"minecraft:white_wool":2,"minecraft:golden_apple":1,"minecraft:dirt":4,"minecraft:crafting_table":10,"minecraft:white_bed":2,"minecraft:iron_axe":13,"minecraft:iron_pickaxe":451,"minecraft:stone_axe":73,"minecraft:diamond_sword":27,"minecraft:cobblestone":37,"minecraft:furnace":3,"minecraft:oak_sapling":1,"minecraft:cooked_porkchop":4,"minecraft:bucket":2,"minecraft:oak_boat":1,"minecraft:cooked_beef":6,"minecraft:cobbled_deepslate":11},"minecraft:picked_up":{"minecraft:crafting_table":10,"minecraft:clay_ball":44,"minecraft:leather":4,"minecraft:diamond_sword":2,"minecraft:gold_block":2,"minecraft:flint":3,"minecraft:tuff":18,"minecraft:oak_log":65,"minecraft:lapis_lazuli":37,"minecraft:dirt":7,"minecraft:moss_carpet":4,"minecraft:bone":8,"minecraft:apple":1,"minecraft:wheat_seeds":2,"minecraft:cobbled_deepslate":326,"minecraft:raw_gold":3,"minecraft:beef":9,"minecraft:oak_boat":1,"minecraft:azalea":1,"minecraft:moss_block":6,"minecraft:sugar_cane":50,"minecraft:furnace":3,"minecraft:stick":3,"minecraft:raw_iron":40,"minecraft:oak_door":1,"minecraft:dandelion":1,"minecraft:gravel":23,"minecraft:porkchop":16,"minecraft:white_bed":2,"minecraft:arrow":10,"minecraft:rotten_flesh":3,"minecraft:diamond":44,"minecraft:diamond_boots":1,"minecraft:gray_wool":1,"minecraft:oak_sapling":3,"minecraft:mutton":10,"minecraft:coal":47,"minecraft:white_wool":6,"minecraft:cobblestone":68},"minecraft:dropped":{"minecraft:oak_door":3,"minecraft:gravel":23,"minecraft:moss_carpet":4,"minecraft:stone_axe":1,"minecraft:moss_block":6,"minecraft:wheat_seeds":2,"minecraft:cobbled_deepslate":176,"minecraft:tuff":18,"minecraft:rotten_flesh":3,"minecraft:clay_ball":44,"minecraft:stick":3,"minecraft:flint":3,"minecraft:diamond_sword":1,"minecraft:dirt":3,"minecraft:gray_wool":1,"minecraft:azalea":1,"minecraft:oak_sapling":2,"minecraft:arrow":10,"minecraft:raw_gold":3,"minecraft:stone_pickaxe":1,"minecraft:white_wool":1,"minecraft:bone":8,"minecraft:dandelion":1},"minecraft:killed":{"minecraft:pig":8,"minecraft:zombie_villager":1,"minecraft:skeleton":5,"minecraft:sheep":7,"minecraft:zombie":1,"minecraft:cow":4},"minecraft:custom":{"minecraft:interact_with_furnace":31,"minecraft:mob_kills":26,"minecraft:interact_with_crafting_table":17,"minecraft:leave_game":5,"minecraft:time_since_death":62851,"minecraft:sleep_in_bed":1,"minecraft:climb_one_cm":1279,"minecraft:time_since_rest":37147,"minecraft:sprint_one_cm":193903,"minecraft:damage_absorbed":40,"minecraft:damage_taken":692,"minecraft:walk_one_cm":67952,"minecraft:drop":39,"minecraft:damage_dealt":3321,"minecraft:swim_one_cm":44379,"minecraft:talked_to_villager":3,"minecraft:fly_one_cm":260082,"minecraft:open_chest":4,"minecraft:crouch_one_cm":28183,"minecraft:play_time":62851,"minecraft:sneak_time":11613,"minecraft:walk_under_water_one_cm":13793,"minecraft:boat_one_cm":41897,"minecraft:jump":1198,"minecraft:walk_on_water_one_cm":11817,"minecraft:total_world_time":62851,"minecraft:fall_one_cm":30901},"minecraft:mined":{"minecraft:tuff":21,"minecraft:white_bed":2,"minecraft:deepslate_diamond_ore":44,"minecraft:oak_door":1,"minecraft:dandelion":1,"minecraft:clay":12,"minecraft:crafting_table":10,"minecraft:short_grass":6,"minecraft:grass_block":2,"minecraft:tall_grass":2,"minecraft:deepslate_gold_ore":3,"minecraft:sugar_cane":24,"minecraft:moss_block":7,"minecraft:furnace":3,"minecraft:iron_ore":22,"minecraft:deepslate_lapis_ore":6,"minecraft:gold_block":2,"minecraft:oak_log":65,"minecraft:coal_ore":21,"minecraft:deepslate_iron_ore":18,"minecraft:gravel":26,"minecraft:dirt":3,"minecraft:azalea_leaves":1,"minecraft:stone":69,"minecraft:oak_leaves":22,"minecraft:deepslate":321},"minecraft:crafted":{"minecraft:cooked_beef":9,"minecraft:oak_door":3,"minecraft:oak_planks":260,"minecraft:cooked_porkchop":16,"minecraft:crafting_table":1,"minecraft:wooden_pickaxe":1,"minecraft:furnace":1,"minecraft:bucket":1,"minecraft:stone_axe":1,"minecraft:air":0,"minecraft:oak_boat":1,"minecraft:diamond_helmet":1,"minecraft:diamond_leggings":1,"minecraft:golden_apple":1,"minecraft:iron_axe":1,"minecraft:stick":12,"minecraft:iron_ingot":25,"minecraft:iron_pickaxe":3,"minecraft:stone_pickaxe":1,"minecraft:gold_ingot":18,"minecraft:white_bed":1,"minecraft:diamond_chestplate":1}},"DataVersion":3953}