{"stats":{"minecraft:mined":{"minecraft:white_bed":1,"minecraft:dandelion":1,"minecraft:crafting_table":5,"minecraft:short_grass":5,"minecraft:grass_block":2,"minecraft:tall_grass":1,"minecraft:sugar_cane":24,"minecraft:furnace":1,"minecraft:iron_ore":8,"minecraft:gold_block":2,"minecraft:coal_ore":17,"minecraft:oak_log":60,"minecraft:dirt":3,"minecraft:stone":58,"minecraft:oak_leaves":22},"minecraft:used":{"minecraft:stone_pickaxe":65,"minecraft:oak_planks":32,"minecraft:wooden_pickaxe":19,"minecraft:white_wool":2,"minecraft:dirt":4,"minecraft:crafting_table":5,"minecraft:white_bed":1,"minecraft:iron_axe":1,"minecraft:iron_pickaxe":2,"minecraft:stone_axe":73,"minecraft:diamond_sword":12,"minecraft:cooked_porkchop":4,"minecraft:oak_sapling":1,"minecraft:furnace":2,"minecraft:oak_boat":1},"minecraft:custom":{"minecraft:interact_with_furnace":16,"minecraft:mob_kills":19,"minecraft:interact_with_crafting_table":9,"minecraft:leave_game":1,"minecraft:time_since_death":31913,"minecraft:sleep_in_bed":1,"minecraft:climb_one_cm":885,"minecraft:time_since_rest":6209,"minecraft:sprint_one_cm":123502,"minecraft:damage_taken":52,"minecraft:walk_one_cm":38531,"minecraft:drop":12,"minecraft:damage_dealt":1760,"minecraft:talked_to_villager":3,"minecraft:swim_one_cm":19995,"minecraft:fly_one_cm":205730,"minecraft:open_chest":4,"minecraft:crouch_one_cm":11047,"minecraft:play_time":31913,"minecraft:sneak_time":3979,"minecraft:walk_under_water_one_cm":9791,"minecraft:boat_one_cm":41897,"minecraft:jump":821,"minecraft:walk_on_water_one_cm":7821,"minecraft:total_world_time":31913,"minecraft:fall_one_cm":21153},"minecraft:crafted":{"minecraft:oak_planks":240,"minecraft:cooked_porkchop":8,"minecraft:crafting_table":1,"minecraft:wooden_pickaxe":1,"minecraft:furnace":1,"minecraft:stone_axe":1,"minecraft:air":0,"minecraft:oak_boat":1,"minecraft:iron_axe":1,"minecraft:stick":8,"minecraft:iron_ingot":6,"minecraft:iron_pickaxe":1,"minecraft:stone_pickaxe":1,"minecraft:white_bed":1},"minecraft:dropped":{"minecraft:stone_axe":1,"minecraft:rotten_flesh":3,"minecraft:diamond_sword":1,"minecraft:dirt":3,"minecraft:gray_wool":1,"minecraft:oak_sapling":2,"minecraft:stone_pickaxe":1,"minecraft:dandelion":1},"minecraft:picked_up":{"minecraft:crafting_table":5,"minecraft:leather":4,"minecraft:diamond_sword":2,"minecraft:gold_block":2,"minecraft:oak_log":60,"minecraft:dirt":7,"minecraft:apple":1,"minecraft:beef":9,"minecraft:oak_boat":1,"minecraft:sugar_cane":50,"minecraft:furnace":1,"minecraft:stick":3,"minecraft:raw_iron":8,"minecraft:dandelion":1,"minecraft:porkchop":16,"minecraft:white_bed":1,"minecraft:rotten_flesh":3,"minecraft:diamond_boots":1,"minecraft:gray_wool":1,"minecraft:oak_sapling":3,"minecraft:mutton":10,"minecraft:coal":17,"minecraft:white_wool":6,"minecraft:cobblestone":58},"minecraft:killed":{"minecraft:pig":8,"minecraft:sheep":7,"minecraft:cow":4}},"DataVersion":3953}