{"stats":{"minecraft:used":{"minecraft:water_bucket":1,"minecraft:stone_pickaxe":65,"minecraft:oak_planks":32,"minecraft:wooden_pickaxe":19,"minecraft:oak_door":1,"minecraft:white_wool":2,"minecraft:golden_apple":1,"minecraft:dirt":4,"minecraft:crafting_table":10,"minecraft:white_bed":2,"minecraft:iron_axe":12,"minecraft:iron_pickaxe":259,"minecraft:stone_axe":73,"minecraft:diamond_sword":20,"minecraft:cobblestone":5,"minecraft:furnace":3,"minecraft:oak_sapling":1,"minecraft:cooked_porkchop":4,"minecraft:bucket":2,"minecraft:oak_boat":1,"minecraft:cooked_beef":4,"minecraft:cobbled_deepslate":11},"minecraft:picked_up":{"minecraft:crafting_table":9,"minecraft:clay_ball":40,"minecraft:leather":4,"minecraft:diamond_sword":2,"minecraft:gold_block":2,"minecraft:flint":3,"minecraft:tuff":18,"minecraft:oak_log":65,"minecraft:lapis_lazuli":37,"minecraft:dirt":7,"minecraft:moss_carpet":4,"minecraft:bone":3,"minecraft:apple":1,"minecraft:wheat_seeds":2,"minecraft:cobbled_deepslate":184,"minecraft:beef":9,"minecraft:oak_boat":1,"minecraft:azalea":1,"minecraft:moss_block":6,"minecraft:sugar_cane":50,"minecraft:furnace":2,"minecraft:stick":3,"minecraft:raw_iron":24,"minecraft:oak_door":1,"minecraft:dandelion":1,"minecraft:gravel":23,"minecraft:porkchop":16,"minecraft:white_bed":2,"minecraft:arrow":4,"minecraft:rotten_flesh":3,"minecraft:diamond":20,"minecraft:diamond_boots":1,"minecraft:gray_wool":1,"minecraft:oak_sapling":3,"minecraft:mutton":10,"minecraft:coal":33,"minecraft:white_wool":6,"minecraft:cobblestone":68},"minecraft:dropped":{"minecraft:moss_carpet":4,"minecraft:stone_axe":1,"minecraft:moss_block":6,"minecraft:wheat_seeds":2,"minecraft:cobbled_deepslate":14,"minecraft:tuff":18,"minecraft:rotten_flesh":3,"minecraft:clay_ball":40,"minecraft:diamond_sword":1,"minecraft:dirt":3,"minecraft:gray_wool":1,"minecraft:azalea":1,"minecraft:oak_sapling":2,"minecraft:stone_pickaxe":1,"minecraft:white_wool":1,"minecraft:bone":3,"minecraft:dandelion":1},"minecraft:killed":{"minecraft:pig":8,"minecraft:skeleton":2,"minecraft:sheep":7,"minecraft:zombie":1,"minecraft:cow":4},"minecraft:custom":{"minecraft:interact_with_furnace":29,"minecraft:mob_kills":22,"minecraft:interact_with_crafting_table":17,"minecraft:leave_game":4,"minecraft:time_since_death":52822,"minecraft:sleep_in_bed":1,"minecraft:climb_one_cm":1279,"minecraft:time_since_rest":27118,"minecraft:sprint_one_cm":158486,"minecraft:damage_absorbed":40,"minecraft:damage_taken":502,"minecraft:walk_one_cm":55950,"minecraft:drop":25,"minecraft:damage_dealt":2561,"minecraft:swim_one_cm":44379,"minecraft:talked_to_villager":3,"minecraft:fly_one_cm":237033,"minecraft:open_chest":4,"minecraft:crouch_one_cm":18996,"minecraft:play_time":52822,"minecraft:sneak_time":7919,"minecraft:walk_under_water_one_cm":13793,"minecraft:boat_one_cm":41897,"minecraft:jump":998,"minecraft:walk_on_water_one_cm":11173,"minecraft:total_world_time":52822,"minecraft:fall_one_cm":27703},"minecraft:mined":{"minecraft:tuff":18,"minecraft:white_bed":2,"minecraft:deepslate_diamond_ore":20,"minecraft:oak_door":1,"minecraft:dandelion":1,"minecraft:clay":11,"minecraft:crafting_table":9,"minecraft:short_grass":6,"minecraft:grass_block":2,"minecraft:tall_grass":1,"minecraft:sugar_cane":24,"minecraft:moss_block":6,"minecraft:furnace":2,"minecraft:iron_ore":22,"minecraft:deepslate_lapis_ore":6,"minecraft:gold_block":2,"minecraft:oak_log":65,"minecraft:coal_ore":21,"minecraft:deepslate_iron_ore":2,"minecraft:gravel":26,"minecraft:dirt":3,"minecraft:azalea_leaves":1,"minecraft:stone":69,"minecraft:oak_leaves":22,"minecraft:deepslate":178},"minecraft:crafted":{"minecraft:cooked_beef":9,"minecraft:oak_door":3,"minecraft:oak_planks":260,"minecraft:cooked_porkchop":16,"minecraft:crafting_table":1,"minecraft:wooden_pickaxe":1,"minecraft:furnace":1,"minecraft:bucket":1,"minecraft:stone_axe":1,"minecraft:air":0,"minecraft:oak_boat":1,"minecraft:diamond_helmet":1,"minecraft:diamond_leggings":1,"minecraft:golden_apple":1,"minecraft:iron_axe":1,"minecraft:stick":12,"minecraft:iron_ingot":15,"minecraft:iron_pickaxe":2,"minecraft:stone_pickaxe":1,"minecraft:gold_ingot":18,"minecraft:white_bed":1,"minecraft:diamond_chestplate":1}},"DataVersion":3953}