{"stats":{"minecraft:mined":{"minecraft:furnace":1,"minecraft:dandelion":1,"minecraft:crafting_table":2,"minecraft:short_grass":5,"minecraft:grass_block":2,"minecraft:oak_log":60,"minecraft:coal_ore":17,"minecraft:dirt":3,"minecraft:tall_grass":1,"minecraft:stone":52,"minecraft:sugar_cane":24,"minecraft:oak_leaves":22},"minecraft:used":{"minecraft:stone_pickaxe":51,"minecraft:wooden_pickaxe":19,"minecraft:stone_axe":71,"minecraft:diamond_sword":12,"minecraft:dirt":4,"minecraft:crafting_table":2,"minecraft:furnace":1,"minecraft:oak_sapling":1,"minecraft:cooked_porkchop":2},"minecraft:custom":{"minecraft:time_since_rest":19913,"minecraft:interact_with_furnace":11,"minecraft:sprint_one_cm":93265,"minecraft:walk_one_cm":30798,"minecraft:mob_kills":19,"minecraft:drop":9,"minecraft:damage_dealt":1760,"minecraft:swim_one_cm":5038,"minecraft:interact_with_crafting_table":4,"minecraft:talked_to_villager":3,"minecraft:fly_one_cm":147609,"minecraft:crouch_one_cm":8657,"minecraft:play_time":19913,"minecraft:sneak_time":3027,"minecraft:walk_under_water_one_cm":731,"minecraft:jump":551,"minecraft:leave_game":1,"minecraft:time_since_death":19913,"minecraft:walk_on_water_one_cm":3603,"minecraft:total_world_time":19913,"minecraft:climb_one_cm":885,"minecraft:fall_one_cm":14567},"minecraft:crafted":{"minecraft:oak_planks":240,"minecraft:cooked_porkchop":8,"minecraft:crafting_table":1,"minecraft:stick":8,"minecraft:wooden_pickaxe":1,"minecraft:stone_pickaxe":1,"minecraft:furnace":1,"minecraft:stone_axe":1,"minecraft:air":0},"minecraft:dropped":{"minecraft:dirt":3,"minecraft:gray_wool":1,"minecraft:oak_sapling":2,"minecraft:rotten_flesh":3,"minecraft:dandelion":1},"minecraft:picked_up":{"minecraft:stick":3,"minecraft:crafting_table":2,"minecraft:leather":4,"minecraft:diamond_sword":1,"minecraft:dandelion":1,"minecraft:porkchop":16,"minecraft:oak_log":60,"minecraft:dirt":7,"minecraft:apple":1,"minecraft:rotten_flesh":3,"minecraft:diamond_boots":1,"minecraft:beef":9,"minecraft:gray_wool":1,"minecraft:oak_sapling":3,"minecraft:mutton":10,"minecraft:sugar_cane":50,"minecraft:coal":17,"minecraft:white_wool":6,"minecraft:cobblestone":52,"minecraft:furnace":1},"minecraft:killed":{"minecraft:sheep":7,"minecraft:pig":8,"minecraft:cow":4}},"DataVersion":3953}