{"stats":{"minecraft:used":{"minecraft:oak_log":2,"minecraft:white_bed":2},"minecraft:mined":{"minecraft:short_grass":1,"minecraft:oak_log":8,"minecraft:white_bed":2,"minecraft:birch_log":1,"minecraft:sugar_cane":1,"minecraft:oak_leaves":1},"minecraft:picked_up":{"minecraft:birch_log":1,"minecraft:rotten_flesh":2,"minecraft:oak_log":7,"minecraft:white_bed":2,"minecraft:sugar_cane":3,"minecraft:birch_sapling":1},"minecraft:custom":{"minecraft:time_since_rest":19605,"minecraft:crouch_one_cm":4728,"minecraft:play_time":19605,"minecraft:sprint_one_cm":8433,"minecraft:damage_taken":25,"minecraft:walk_one_cm":34964,"minecraft:sneak_time":1695,"minecraft:walk_under_water_one_cm":802,"minecraft:mob_kills":1,"minecraft:jump":186,"minecraft:damage_dealt":410,"minecraft:time_since_death":19605,"minecraft:walk_on_water_one_cm":184,"minecraft:total_world_time":19605,"minecraft:fall_one_cm":5101,"minecraft:fly_one_cm":29799},"minecraft:killed":{"minecraft:zombie":1}},"DataVersion":3953}