{"stats":{"minecraft:picked_up":{"minecraft:crafting_table":11,"minecraft:wheat":15,"minecraft:chainmail_boots":1,"minecraft:string":9044,"minecraft:oak_trapdoor":9,"minecraft:beetroot":2,"minecraft:gold_nugget":1,"minecraft:cobbled_deepslate":580,"minecraft:comparator":3,"minecraft:bucket":17,"minecraft:beef":8,"minecraft:oak_boat":1,"minecraft:cobblestone_slab":3,"minecraft:calcite":9,"minecraft:observer":17,"minecraft:jungle_sapling":8,"minecraft:poppy":4,"minecraft:minecart":1,"minecraft:melon_slice":61,"minecraft:sugar_cane":117,"minecraft:chest":6,"minecraft:birch_sapling":1,"minecraft:furnace":3,"minecraft:stick":9,"minecraft:raw_iron":79,"minecraft:composter":1,"minecraft:torch":57,"minecraft:porkchop":11,"minecraft:cookie":64,"minecraft:diorite":61,"minecraft:carrot":314,"minecraft:redstone":377,"minecraft:jungle_sign":1,"minecraft:arrow":9,"minecraft:rotten_flesh":27,"minecraft:beetroot_seeds":7,"minecraft:shears":1,"minecraft:hay_block":5,"minecraft:rail":3,"minecraft:obsidian":1,"minecraft:mutton":7,"minecraft:white_wool":4,"minecraft:cobblestone":762,"minecraft:birch_log":1,"minecraft:jungle_boat":3,"minecraft:tripwire_hook":2,"minecraft:repeater":24,"minecraft:andesite":28,"minecraft:water_bucket":9,"minecraft:jungle_log":83,"minecraft:leather":2,"minecraft:potato":29,"minecraft:flint":2,"minecraft:tuff":151,"minecraft:oak_log":62,"minecraft:jungle_button":2,"minecraft:gunpowder":5,"minecraft:lapis_lazuli":19,"minecraft:dirt":623,"minecraft:bone":4,"minecraft:wheat_seeds":72,"minecraft:raw_gold":6,"minecraft:cobbled_deepslate_slab":616,"minecraft:iron_ingot":28,"minecraft:grindstone":1,"minecraft:oak_fence_gate":3,"minecraft:bamboo":634,"minecraft:oak_planks":5,"minecraft:scaffolding":233,"minecraft:oak_slab":30,"minecraft:pumpkin":8,"minecraft:gravel":11,"minecraft:sand":281,"minecraft:jungle_planks":21,"minecraft:blast_furnace":1,"minecraft:white_bed":31,"minecraft:spider_eye":2,"minecraft:barrel":4,"minecraft:mossy_cobblestone":1,"minecraft:dispenser":13,"minecraft:diamond":40,"minecraft:lever":3,"minecraft:iron_helmet":7,"minecraft:granite":23,"minecraft:oak_sapling":3,"minecraft:netherrack":134,"minecraft:coal":140},"minecraft:used":{"minecraft:oak_trapdoor":10,"minecraft:flint_and_steel":3,"minecraft:dispenser":13,"minecraft:redstone":3,"minecraft:ladder":12,"minecraft:chest":29,"minecraft:zombie_spawn_egg":3,"minecraft:netherrack":136,"minecraft:torch":180,"minecraft:anvil":1,"minecraft:dirt":245,"minecraft:hopper":62,"minecraft:jungle_planks":17,"minecraft:carrot":229,"minecraft:jungle_slab":5,"minecraft:tuff":133,"minecraft:spruce_fence":8,"minecraft:glass":16,"minecraft:lava_bucket":1,"minecraft:villager_spawn_egg":4,"minecraft:iron_helmet":1,"minecraft:barrel":11,"minecraft:tripwire_hook":2,"minecraft:bamboo":85,"minecraft:repeater":24,"minecraft:scaffolding":540,"minecraft:jungle_button":8,"minecraft:furnace":5,"minecraft:minecart":1,"minecraft:potato":18,"minecraft:cobbled_deepslate":793,"minecraft:observer":17,"minecraft:calcite":4,"minecraft:water_bucket":115,"minecraft:diorite":7,"minecraft:stone_pickaxe":151,"minecraft:wooden_pickaxe":9,"minecraft:sugar_cane":105,"minecraft:diamond_axe":412,"minecraft:cobblestone_slab":26,"minecraft:jungle_boat":3,"minecraft:cookie":32,"minecraft:mossy_cobblestone":1,"minecraft:rail":75,"minecraft:comparator":2,"minecraft:oak_slab":1,"minecraft:crafting_table":15,"minecraft:blast_furnace":2,"minecraft:white_bed":20,"minecraft:shears":14,"minecraft:lever":3,"minecraft:diamond_pickaxe":1812,"minecraft:apple":1,"minecraft:diamond_shovel":440,"minecraft:iron_pickaxe":138,"minecraft:melon_slice":61,"minecraft:string":48,"minecraft:bread":53,"minecraft:gravel":4,"minecraft:stone_axe":48,"minecraft:jungle_sign":1,"minecraft:cobblestone":244,"minecraft:cobbled_deepslate_slab":1811,"minecraft:smithing_table":1,"minecraft:bucket":123,"minecraft:oak_boat":1,"minecraft:splash_potion":2},"minecraft:broken":{"minecraft:stone_pickaxe":2},"minecraft:mined":{"minecraft:tuff":131,"minecraft:white_bed":23,"minecraft:mossy_cobblestone":1,"minecraft:deepslate_diamond_ore":36,"minecraft:jungle_leaves":42,"minecraft:obsidian":1,"minecraft:lever":2,"minecraft:cobbled_deepslate_slab":190,"minecraft:granite":22,"minecraft:grass_block":285,"minecraft:jungle_planks":17,"minecraft:jungle_log":80,"minecraft:composter":1,"minecraft:hay_block":3,"minecraft:tall_seagrass":5,"minecraft:oak_trapdoor":10,"minecraft:furnace":3,"minecraft:carrots":85,"minecraft:iron_ore":77,"minecraft:barrel":4,"minecraft:fire":28,"minecraft:cobbled_deepslate":101,"minecraft:andesite":25,"minecraft:pumpkin":3,"minecraft:deepslate_lapis_ore":4,"minecraft:potatoes":9,"minecraft:vine":10,"minecraft:deepslate_iron_ore":3,"minecraft:cobblestone_slab":3,"minecraft:rail":3,"minecraft:bamboo":97,"minecraft:stone":606,"minecraft:tripwire":7,"minecraft:deepslate_redstone_ore":36,"minecraft:oak_slab":2,"minecraft:scaffolding":98,"minecraft:comparator":1,"minecraft:observer":4,"minecraft:crafting_table":12,"minecraft:torch":10,"minecraft:short_grass":83,"minecraft:blast_furnace":1,"minecraft:calcite":4,"minecraft:melon":11,"minecraft:chest":6,"minecraft:tall_grass":12,"minecraft:cobblestone":81,"minecraft:oak_planks":4,"minecraft:deepslate_gold_ore":7,"minecraft:grindstone":1,"minecraft:sugar_cane":57,"minecraft:diorite":62,"minecraft:wall_torch":2,"minecraft:seagrass":2,"minecraft:repeater":2,"minecraft:birch_log":1,"minecraft:wheat":24,"minecraft:birch_leaves":4,"minecraft:coal_ore":78,"minecraft:oak_log":62,"minecraft:beetroots":2,"minecraft:oak_fence_gate":4,"minecraft:sand":25,"minecraft:gravel":11,"minecraft:dirt":191,"minecraft:tripwire_hook":2,"minecraft:netherrack":136,"minecraft:deepslate":476,"minecraft:oak_leaves":30,"minecraft:fern":4},"minecraft:dropped":{"minecraft:water_bucket":3,"minecraft:iron_ingot":9,"minecraft:bread":10,"minecraft:oak_slab":29,"minecraft:porkchop":11,"minecraft:wheat_seeds":9,"minecraft:diamond":4,"minecraft:crafting_table":1,"minecraft:cookie":32,"minecraft:iron_helmet":10,"minecraft:cobblestone":3,"minecraft:jungle_planks":1,"minecraft:chainmail_helmet":1,"minecraft:flint":2,"minecraft:stick":3,"minecraft:emerald":73,"minecraft:dirt":1,"minecraft:torch":1,"minecraft:mutton":1,"minecraft:crimson_roots":1,"minecraft:gold_nugget":1,"minecraft:sand":256,"minecraft:iron_pickaxe":2,"minecraft:smooth_stone":1,"minecraft:string":430,"minecraft:white_wool":1,"minecraft:bone":1,"minecraft:sugar_cane":6,"minecraft:cobbled_deepslate":30,"minecraft:wheat":1,"minecraft:obsidian":1,"minecraft:rotten_flesh":16,"minecraft:white_bed":2,"minecraft:spruce_fence":1,"minecraft:shears":1,"minecraft:carrot":47,"minecraft:poppy":4,"minecraft:cobblestone_slab":10,"minecraft:andesite":15,"minecraft:chainmail_boots":1,"minecraft:oak_sapling":2,"minecraft:oak_boat":1,"minecraft:spider_eye":2,"minecraft:bamboo":131,"minecraft:arrow":4,"minecraft:calcite":1,"minecraft:scaffolding":17,"minecraft:netherrack":7},"minecraft:killed_by":{"minecraft:skeleton":1},"minecraft:custom":{"minecraft:interact_with_anvil":1,"minecraft:mob_kills":54,"minecraft:animals_bred":1,"minecraft:inspect_hopper":10,"minecraft:interact_with_crafting_table":58,"minecraft:open_barrel":6,"minecraft:leave_game":39,"minecraft:time_since_death":804158,"minecraft:climb_one_cm":533174,"minecraft:sprint_one_cm":997988,"minecraft:walk_one_cm":959831,"minecraft:drop":137,"minecraft:talked_to_villager":132,"minecraft:play_time":822086,"minecraft:sneak_time":92302,"minecraft:deaths":1,"minecraft:walk_under_water_one_cm":58630,"minecraft:boat_one_cm":15372,"minecraft:jump":9686,"minecraft:walk_on_water_one_cm":139997,"minecraft:total_world_time":822086,"minecraft:interact_with_furnace":55,"minecraft:traded_with_villager":329,"minecraft:sleep_in_bed":40,"minecraft:time_since_rest":2675,"minecraft:damage_taken":6413,"minecraft:damage_dealt":10035,"minecraft:swim_one_cm":222206,"minecraft:fly_one_cm":1970783,"minecraft:open_chest":364,"minecraft:crouch_one_cm":274324,"minecraft:fall_one_cm":234884,"minecraft:inspect_dispenser":37},"minecraft:killed":{"minecraft:zombified_piglin":1,"minecraft:spider":4,"minecraft:skeleton":6,"minecraft:pig":7,"minecraft:zombie_villager":1,"minecraft:iron_golem":2,"minecraft:creeper":3,"minecraft:sheep":4,"minecraft:zombie":18,"minecraft:villager":1,"minecraft:cow":4},"minecraft:crafted":{"minecraft:jungle_button":4,"minecraft:cobbled_deepslate_slab":1452,"minecraft:smooth_stone":4,"minecraft:oak_planks":204,"minecraft:cobblestone_slab":18,"minecraft:barrel":9,"minecraft:diamond_hoe":3,"minecraft:furnace":3,"minecraft:blast_furnace":1,"minecraft:stone":13,"minecraft:diamond_shovel":1,"minecraft:scaffolding":450,"minecraft:glass":25,"minecraft:hopper":62,"minecraft:diamond_helmet":1,"minecraft:diamond_leggings":1,"minecraft:ladder":12,"minecraft:stone_pickaxe":11,"minecraft:chest":85,"minecraft:diamond_boots":1,"minecraft:rail":96,"minecraft:minecart":1,"minecraft:wheat":45,"minecraft:oak_slab":24,"minecraft:emerald":281,"minecraft:diamond_axe":1,"minecraft:crafting_table":6,"minecraft:jungle_boat":1,"minecraft:wooden_pickaxe":1,"minecraft:iron_helmet":10,"minecraft:smithing_table":1,"minecraft:bucket":1,"minecraft:birch_planks":4,"minecraft:stone_axe":1,"minecraft:jungle_slab":18,"minecraft:bread":19,"minecraft:air":0,"minecraft:jungle_planks":668,"minecraft:oak_boat":1,"minecraft:diamond_pickaxe":1,"minecraft:shield":1,"minecraft:stick":72,"minecraft:iron_ingot":49,"minecraft:chainmail_boots":18,"minecraft:iron_pickaxe":2,"minecraft:iron_block":3,"minecraft:anvil":1,"minecraft:torch":132,"minecraft:shears":1,"minecraft:jungle_sign":3,"minecraft:diamond_chestplate":1}},"DataVersion":3953}