{"stats":{"minecraft:mined":{"minecraft:oak_log":2,"minecraft:oak_leaves":4},"minecraft:picked_up":{"minecraft:oak_log":3},"minecraft:custom":{"minecraft:jump":28,"minecraft:time_since_rest":4797,"minecraft:damage_dealt":60,"minecraft:damage_taken":15,"minecraft:leave_game":2,"minecraft:play_time":4797,"minecraft:sprint_one_cm":1243,"minecraft:time_since_death":4797,"minecraft:walk_one_cm":1899,"minecraft:sneak_time":66,"minecraft:total_world_time":4797,"minecraft:fall_one_cm":1294,"minecraft:fly_one_cm":2150}},"DataVersion":3953}