{"stats":{"minecraft:used":{"minecraft:apple":1,"minecraft:bread":7,"minecraft:stone_pickaxe":3,"minecraft:wooden_pickaxe":9,"minecraft:stone_axe":13,"minecraft:dirt":1,"minecraft:cobblestone":1,"minecraft:crafting_table":1},"minecraft:crafted":{"minecraft:oak_planks":24,"minecraft:crafting_table":1,"minecraft:stick":8,"minecraft:wooden_pickaxe":1,"minecraft:stone_pickaxe":1,"minecraft:birch_planks":4,"minecraft:stone_axe":1,"minecraft:bread":15,"minecraft:wheat":45},"minecraft:mined":{"minecraft:hay_block":3,"minecraft:mossy_cobblestone":1,"minecraft:birch_log":1,"minecraft:birch_leaves":4,"minecraft:short_grass":10,"minecraft:grass_block":4,"minecraft:oak_log":10,"minecraft:dirt":1,"minecraft:cobblestone":9,"minecraft:grindstone":1,"minecraft:oak_leaves":9},"minecraft:dropped":{"minecraft:iron_ingot":5,"minecraft:bread":8,"minecraft:wheat_seeds":2,"minecraft:white_bed":1},"minecraft:picked_up":{"minecraft:birch_log":1,"minecraft:oak_log":11,"minecraft:white_bed":1,"minecraft:mossy_cobblestone":1,"minecraft:dirt":5,"minecraft:string":1,"minecraft:rotten_flesh":14,"minecraft:wheat_seeds":3,"minecraft:hay_block":5,"minecraft:iron_ingot":5,"minecraft:grindstone":1,"minecraft:poppy":3,"minecraft:oak_sapling":1,"minecraft:birch_sapling":1,"minecraft:cobblestone":9},"minecraft:custom":{"minecraft:time_since_rest":16911,"minecraft:sprint_one_cm":33628,"minecraft:damage_taken":655,"minecraft:walk_one_cm":43183,"minecraft:mob_kills":5,"minecraft:drop":10,"minecraft:damage_dealt":1585,"minecraft:interact_with_crafting_table":6,"minecraft:fly_one_cm":63241,"minecraft:open_chest":5,"minecraft:crouch_one_cm":610,"minecraft:play_time":71505,"minecraft:deaths":1,"minecraft:sneak_time":298,"minecraft:jump":327,"minecraft:leave_game":6,"minecraft:time_since_death":53577,"minecraft:sleep_in_bed":3,"minecraft:total_world_time":71505,"minecraft:fall_one_cm":10735},"minecraft:killed_by":{"minecraft:skeleton":1},"minecraft:killed":{"minecraft:zombie":3,"minecraft:spider":1,"minecraft:iron_golem":1}},"DataVersion":3953}