{"stats":{"minecraft:mined":{"minecraft:oak_log":3,"minecraft:birch_leaves":2,"minecraft:oak_leaves":7},"minecraft:picked_up":{"minecraft:oak_log":4},"minecraft:custom":{"minecraft:jump":53,"minecraft:time_since_rest":15344,"minecraft:crouch_one_cm":161,"minecraft:damage_dealt":95,"minecraft:damage_taken":55,"minecraft:leave_game":3,"minecraft:play_time":15344,"minecraft:sprint_one_cm":2699,"minecraft:time_since_death":15344,"minecraft:walk_one_cm":3384,"minecraft:sneak_time":103,"minecraft:total_world_time":15344,"minecraft:fall_one_cm":3450,"minecraft:fly_one_cm":5322}},"DataVersion":3953}