{"stats":{"minecraft:broken":{"minecraft:diamond_shovel":1,"minecraft:stone_pickaxe":2},"minecraft:mined":{"minecraft:dragon_wall_head":3,"minecraft:white_bed":33,"minecraft:jungle_leaves":68,"minecraft:obsidian":86,"minecraft:granite":27,"minecraft:jungle_log":83,"minecraft:purpur_slab":3,"minecraft:hopper":9,"minecraft:nether_wart":13,"minecraft:spawner":1,"minecraft:weeping_vines_plant":2,"minecraft:tall_seagrass":8,"minecraft:magma_block":49,"minecraft:cobbled_deepslate":101,"minecraft:fire":37,"minecraft:barrel":10,"minecraft:pumpkin":3,"minecraft:deepslate_lapis_ore":4,"minecraft:nether_brick_stairs":1,"minecraft:white_shulker_box":2,"minecraft:tripwire":10,"minecraft:jungle_trapdoor":1,"minecraft:smoker":1,"minecraft:crimson_nylium":5,"minecraft:torch":13,"minecraft:blast_furnace":1,"minecraft:melon":11,"minecraft:glass":2,"minecraft:sugar_cane":225,"minecraft:spruce_sign":1,"minecraft:repeater":2,"minecraft:wheat":84,"minecraft:jukebox":1,"minecraft:oak_fence_gate":4,"minecraft:piston":4,"minecraft:deepslate":480,"minecraft:pink_shulker_box":3,"minecraft:mossy_cobblestone":1,"minecraft:shulker_box":92,"minecraft:end_stone":7,"minecraft:nether_bricks":19,"minecraft:cobbled_deepslate_slab":190,"minecraft:jungle_planks":21,"minecraft:crimson_roots":3,"minecraft:orange_shulker_box":1,"minecraft:andesite":39,"minecraft:potatoes":9,"minecraft:cobblestone_slab":3,"minecraft:vine":10,"minecraft:rail":10,"minecraft:bamboo":97,"minecraft:waxed_weathered_copper_bulb":1,"minecraft:ender_chest":11,"minecraft:smithing_table":1,"minecraft:oak_slab":2,"minecraft:comparator":1,"minecraft:soul_sand":10,"minecraft:observer":4,"minecraft:dandelion":4,"minecraft:cornflower":2,"minecraft:short_grass":141,"minecraft:purpur_pillar":27,"minecraft:tall_grass":23,"minecraft:deepslate_gold_ore":7,"minecraft:diorite":62,"minecraft:spruce_log":495,"minecraft:birch_leaves":8,"minecraft:gravel":49,"minecraft:cobweb":53,"minecraft:stone_bricks":1,"minecraft:fern":4,"minecraft:black_shulker_box":10,"minecraft:jungle_slab":7,"minecraft:brewing_stand":3,"minecraft:grass_block":584,"minecraft:composter":1,"minecraft:tuff_bricks":1,"minecraft:smooth_stone":1,"minecraft:glowstone":12,"minecraft:iron_ore":77,"minecraft:turtle_egg":8,"minecraft:polished_tuff":1,"minecraft:anvil":2,"minecraft:azure_bluet":1,"minecraft:iron_bars":19,"minecraft:green_bed":2,"minecraft:deepslate_redstone_ore":36,"minecraft:blackstone":98,"minecraft:purpur_stairs":4,"minecraft:calcite":4,"minecraft:poppy":2,"minecraft:chest":10,"minecraft:nether_quartz_ore":8,"minecraft:cobblestone":114,"minecraft:grindstone":3,"minecraft:oak_planks":20,"minecraft:wall_torch":3,"minecraft:seagrass":8,"minecraft:red_candle":1,"minecraft:nether_wart_block":9,"minecraft:birch_log":17,"minecraft:tnt":7,"minecraft:purpur_block":38,"minecraft:oak_log":106,"minecraft:beetroots":2,"minecraft:sand":5402,"minecraft:dirt":582,"minecraft:tripwire_hook":3,"minecraft:netherrack":2411,"minecraft:ancient_debris":12,"minecraft:oak_leaves":37,"minecraft:nether_gold_ore":4,"minecraft:tuff":131,"minecraft:deepslate_diamond_ore":36,"minecraft:lever":2,"minecraft:decorated_pot":12,"minecraft:weeping_vines":1,"minecraft:spruce_leaves":58,"minecraft:hay_block":3,"minecraft:oak_trapdoor":11,"minecraft:spruce_sapling":1,"minecraft:furnace":3,"minecraft:carrots":125,"minecraft:nether_sprouts":1,"minecraft:bell":1,"minecraft:nether_brick_fence":2,"minecraft:bookshelf":130,"minecraft:deepslate_iron_ore":4,"minecraft:stone":753,"minecraft:yellow_shulker_box":3,"minecraft:waxed_exposed_copper_bulb":1,"minecraft:scaffolding":104,"minecraft:magenta_stained_glass":1,"minecraft:crafting_table":14,"minecraft:lectern":227,"minecraft:lapis_ore":1,"minecraft:coal_ore":78,"minecraft:end_rod":4,"minecraft:cracked_stone_bricks":2},"minecraft:killed_by":{"minecraft:piglin":1,"minecraft:skeleton":1},"minecraft:custom":{"minecraft:interact_with_crafting_table":127,"minecraft:open_barrel":10,"minecraft:bell_ring":39,"minecraft:leave_game":81,"minecraft:time_since_death":750928,"minecraft:damage_blocked_by_shield":175,"minecraft:play_time":1812438,"minecraft:deaths":3,"minecraft:jump":21221,"minecraft:interact_with_furnace":97,"minecraft:play_record":2,"minecraft:traded_with_villager":1374,"minecraft:sleep_in_bed":99,"minecraft:damage_dealt":84604,"minecraft:inspect_dispenser":44,"minecraft:interact_with_smithing_table":22,"minecraft:interact_with_anvil":34,"minecraft:inspect_hopper":35,"minecraft:sneak_time":154849,"minecraft:interact_with_blast_furnace":25,"minecraft:total_world_time":1812438,"minecraft:time_since_rest":6612,"minecraft:swim_one_cm":372849,"minecraft:fly_one_cm":5525179,"minecraft:open_chest":1119,"minecraft:fall_one_cm":527222,"minecraft:animals_bred":3,"minecraft:open_shulker_box":343,"minecraft:sprint_one_cm":3155988,"minecraft:drop":382,"minecraft:talked_to_villager":852,"minecraft:interact_with_brewingstand":3,"minecraft:walk_on_water_one_cm":223281,"minecraft:interact_with_loom":2,"minecraft:open_enderchest":195,"minecraft:crouch_one_cm":409476,"minecraft:mob_kills":438,"minecraft:climb_one_cm":575729,"minecraft:walk_one_cm":2376206,"minecraft:raid_win":2,"minecraft:walk_under_water_one_cm":172498,"minecraft:boat_one_cm":35746,"minecraft:interact_with_grindstone":2,"minecraft:damage_taken":24386,"minecraft:damage_absorbed":8,"minecraft:minecart_one_cm":1857,"minecraft:aviate_one_cm":13166845},"minecraft:used":{"minecraft:dispenser":13,"minecraft:ladder":18,"minecraft:elytra":49,"minecraft:chest":45,"minecraft:stone":14,"minecraft:white_shulker_box":2,"minecraft:jungle_slab":19,"minecraft:lava_bucket":2,"minecraft:netherite_shovel":4375,"minecraft:villager_spawn_egg":4,"minecraft:grass_block":2,"minecraft:orange_shulker_box":1,"minecraft:netherite_boots":1,"minecraft:furnace":5,"minecraft:potato":18,"minecraft:diorite":7,"minecraft:blackstone":1,"minecraft:wooden_pickaxe":9,"minecraft:purpur_pillar":2,"minecraft:jungle_boat":5,"minecraft:cookie":32,"minecraft:blast_furnace":2,"minecraft:lectern":232,"minecraft:diamond_sword":274,"minecraft:smithing_table":2,"minecraft:oak_boat":1,"minecraft:oak_trapdoor":13,"minecraft:netherrack":632,"minecraft:trial_key":7,"minecraft:torch":185,"minecraft:brewing_stand":1,"minecraft:anvil":4,"minecraft:jungle_trapdoor":1,"minecraft:totem_of_undying":3,"minecraft:barrel":19,"minecraft:bamboo":85,"minecraft:diamond_chestplate":4,"minecraft:tripwire_hook":3,"minecraft:cobbled_deepslate":793,"minecraft:observer":17,"minecraft:calcite":4,"minecraft:water_bucket":148,"minecraft:yellow_shulker_box":3,"minecraft:mossy_cobblestone":1,"minecraft:rail":90,"minecraft:comparator":2,"minecraft:oak_slab":1,"minecraft:tnt":202,"minecraft:crafting_table":18,"minecraft:white_bed":68,"minecraft:spruce_log":2,"minecraft:ender_eye":11,"minecraft:diamond_pickaxe":2423,"minecraft:cornflower":1,"minecraft:diamond_shovel":2135,"minecraft:ominous_trial_key":2,"minecraft:wind_charge":5,"minecraft:iron_pickaxe":138,"minecraft:suspicious_stew":7,"minecraft:spruce_sapling":26,"minecraft:cobblestone":271,"minecraft:potion":4,"minecraft:jukebox":2,"minecraft:diamond_leggings":1,"minecraft:shield":2,"minecraft:zombie_spawn_egg":3,"minecraft:nether_wart":18,"minecraft:bell":1,"minecraft:spruce_leaves":1,"minecraft:jungle_planks":19,"minecraft:nether_bricks":2,"minecraft:carrot":497,"minecraft:tuff":133,"minecraft:obsidian":37,"minecraft:glass":18,"minecraft:iron_helmet":1,"minecraft:item_frame":2,"minecraft:repeater":24,"minecraft:scaffolding":544,"minecraft:jungle_button":8,"minecraft:diamond_boots":1,"minecraft:stone_pickaxe":151,"minecraft:oak_planks":9,"minecraft:ender_pearl":21,"minecraft:diamond_axe":881,"minecraft:sugar_cane":127,"minecraft:crossbow":20,"minecraft:shears":16,"minecraft:end_stone":4,"minecraft:lever":6,"minecraft:firework_rocket":346,"minecraft:bread":117,"minecraft:melon_slice":61,"minecraft:string":57,"minecraft:gravel":17,"minecraft:jungle_sign":4,"minecraft:grindstone":4,"minecraft:andesite":7,"minecraft:bone_meal":31,"minecraft:netherite_sword":711,"minecraft:flint_and_steel":18,"minecraft:redstone":3,"minecraft:ender_chest":9,"minecraft:dirt":657,"minecraft:hopper":91,"minecraft:diamond_helmet":2,"minecraft:shulker_box":91,"minecraft:spruce_fence":8,"minecraft:iron_hoe":18,"minecraft:bookshelf":10,"minecraft:golden_carrot":128,"minecraft:minecart":3,"minecraft:netherite_pickaxe":2442,"minecraft:netherite_chestplate":43,"minecraft:baked_potato":16,"minecraft:black_shulker_box":10,"minecraft:spruce_sign":2,"minecraft:green_bed":2,"minecraft:cobblestone_slab":26,"minecraft:piston":5,"minecraft:apple":1,"minecraft:netherite_axe":551,"minecraft:stone_axe":48,"minecraft:cobbled_deepslate_slab":1811,"minecraft:white_banner":5,"minecraft:pink_shulker_box":3,"minecraft:bucket":158,"minecraft:pumpkin_pie":1,"minecraft:smooth_stone":1,"minecraft:splash_potion":2},"minecraft:dropped":{"minecraft:porkchop":15,"minecraft:glass_bottle":7,"minecraft:diamond":4,"minecraft:crafting_table":1,"minecraft:crossbow":4,"minecraft:weeping_vines":2,"minecraft:cookie":32,"minecraft:warped_roots":1,"minecraft:saddle":1,"minecraft:elytra":2,"minecraft:music_disc_creator_music_box":1,"minecraft:emerald":73,"minecraft:dirt":20,"minecraft:gold_nugget":6,"minecraft:sand":297,"minecraft:sugar":1,"minecraft:iron_pickaxe":2,"minecraft:white_wool":1,"minecraft:bone":4,"minecraft:sugar_cane":20,"minecraft:cooked_chicken":3,"minecraft:cobbled_deepslate":30,"minecraft:netherite_sword":2,"minecraft:wheat":1,"minecraft:obsidian":28,"minecraft:rotten_flesh":22,"minecraft:oak_planks":1,"minecraft:white_bed":2,"minecraft:eye_armor_trim_smithing_template":1,"minecraft:red_candle":3,"minecraft:jungle_log":2,"minecraft:lectern":1,"minecraft:enchanted_book":3,"minecraft:iron_ingot":10,"minecraft:wheat_seeds":86,"minecraft:cobblestone":213,"minecraft:iron_helmet":10,"minecraft:chainmail_helmet":1,"minecraft:coal":6,"minecraft:end_rod":1,"minecraft:golden_carrot":31,"minecraft:diamond_helmet":2,"minecraft:potion":3,"minecraft:smooth_stone":1,"minecraft:string":662,"minecraft:deepslate":4,"minecraft:iron_boots":2,"minecraft:nether_bricks":6,"minecraft:spruce_fence":1,"minecraft:shears":1,"minecraft:diamond_sword":1,"minecraft:cobblestone_slab":10,"minecraft:potato":1,"minecraft:stone":2,"minecraft:diamond_pickaxe":2,"minecraft:spider_eye":42,"minecraft:bamboo":131,"minecraft:sandstone":54,"minecraft:bow":1,"minecraft:guster_pottery_sherd":1,"minecraft:nether_brick_stairs":1,"minecraft:crimson_nylium":3,"minecraft:soul_sand":10,"minecraft:orange_dye":1,"minecraft:baked_potato":5,"minecraft:decorated_pot":2,"minecraft:netherite_upgrade_smithing_template":1,"minecraft:leather":2,"minecraft:jungle_planks":1,"minecraft:flint":4,"minecraft:mutton":1,"minecraft:crimson_roots":4,"minecraft:seagrass":3,"minecraft:gravel":6,"minecraft:diamond_shovel":1,"minecraft:carrot":2557,"minecraft:shulker_shell":3,"minecraft:poppy":4,"minecraft:gunpowder":5,"minecraft:chest":38,"minecraft:chainmail_boots":1,"minecraft:arrow":5,"minecraft:scaffolding":17,"minecraft:netherrack":349,"minecraft:firework_rocket":364,"minecraft:water_bucket":3,"minecraft:bread":10,"minecraft:oak_slab":29,"minecraft:deepslate_iron_ore":1,"minecraft:polished_tuff":1,"minecraft:ominous_trial_key":1,"minecraft:stick":5,"minecraft:torch":2,"minecraft:nether_wart_block":7,"minecraft:iron_axe":3,"minecraft:dandelion":2,"minecraft:redstone":23,"minecraft:tuff_bricks":1,"minecraft:ender_chest":1,"minecraft:tuff":1,"minecraft:wither_skeleton_skull":1,"minecraft:totem_of_undying":3,"minecraft:shulker_box":1,"minecraft:flint_and_steel":1,"minecraft:copper_ore":1,"minecraft:dragon_egg":2,"minecraft:andesite":23,"minecraft:golden_leggings":2,"minecraft:oak_boat":1,"minecraft:oak_sapling":2,"minecraft:golden_sword":3,"minecraft:diamond_boots":1,"minecraft:spruce_log":228,"minecraft:nether_quartz_ore":1,"minecraft:calcite":1,"minecraft:brick":44},"minecraft:crafted":{"minecraft:ender_chest":5,"minecraft:black_dye":1,"minecraft:jungle_button":4,"minecraft:smooth_stone":4,"minecraft:blaze_powder":16,"minecraft:lever":2,"minecraft:diamond_shovel":1,"minecraft:bookshelf":17,"minecraft:shulker_box":7,"minecraft:glass":25,"minecraft:diamond_helmet":1,"minecraft:diamond_leggings":1,"minecraft:netherite_boots":1,"minecraft:white_shulker_box":1,"minecraft:emerald":1197,"minecraft:diamond_axe":1,"minecraft:jungle_boat":3,"minecraft:smithing_table":1,"minecraft:lectern":6,"minecraft:iron_pickaxe":2,"minecraft:iron_block":6,"minecraft:gold_ingot":7,"minecraft:light_gray_dye":1,"minecraft:netherite_ingot":3,"minecraft:jungle_sign":6,"minecraft:golden_carrot":183,"minecraft:jukebox":1,"minecraft:orange_shulker_box":1,"minecraft:diamond_hoe":3,"minecraft:blue_shulker_box":1,"minecraft:bone_meal":30,"minecraft:netherite_axe":1,"minecraft:light_gray_shulker_box":1,"minecraft:ladder":18,"minecraft:red_shulker_box":1,"minecraft:stone_pickaxe":11,"minecraft:diamond_boots":1,"minecraft:wheat":45,"minecraft:enchanted_book":34,"minecraft:orange_dye":2,"minecraft:jungle_slab":54,"minecraft:chainmail_boots":18,"minecraft:oak_planks":244,"minecraft:cobblestone_slab":18,"minecraft:barrel":9,"minecraft:stone":13,"minecraft:suspicious_stew":7,"minecraft:hopper":62,"minecraft:chest":104,"minecraft:netherite_helmet":2,"minecraft:rail":96,"minecraft:netherite_upgrade_smithing_template":12,"minecraft:ender_eye":16,"minecraft:spire_armor_trim_smithing_template":6,"minecraft:oak_slab":24,"minecraft:crafting_table":7,"minecraft:spruce_planks":116,"minecraft:wooden_pickaxe":1,"minecraft:iron_helmet":10,"minecraft:birch_planks":12,"minecraft:black_shulker_box":1,"minecraft:apple":36,"minecraft:tnt":179,"minecraft:book":3,"minecraft:paper":294,"minecraft:diamond_pickaxe":4,"minecraft:yellow_dye":2,"minecraft:shield":1,"minecraft:stick":120,"minecraft:iron_ingot":58,"minecraft:shears":2,"minecraft:cobbled_deepslate_slab":1452,"minecraft:netherite_sword":1,"minecraft:furnace":3,"minecraft:blast_furnace":1,"minecraft:jungle_trapdoor":2,"minecraft:oak_trapdoor":2,"minecraft:flint_and_steel":2,"minecraft:scaffolding":450,"minecraft:netherite_chestplate":2,"minecraft:netherite_leggings":2,"minecraft:yellow_shulker_box":1,"minecraft:netherite_scrap":12,"minecraft:minecart":1,"minecraft:red_dye":2,"minecraft:spruce_sign":3,"minecraft:powered_rail":6,"minecraft:bucket":1,"minecraft:stone_axe":1,"minecraft:air":0,"minecraft:bread":19,"minecraft:jungle_planks":668,"minecraft:blue_dye":1,"minecraft:oak_boat":1,"minecraft:white_dye":1,"minecraft:netherite_shovel":1,"minecraft:anvil":2,"minecraft:torch":132,"minecraft:diamond_chestplate":1,"minecraft:firework_rocket":945},"minecraft:picked_up":{"minecraft:seagrass":13,"minecraft:chainmail_boots":1,"minecraft:anvil":4,"minecraft:smithing_table":1,"minecraft:lead":1,"minecraft:diamond_sword":3,"minecraft:enchanted_book":1,"minecraft:brewing_stand":3,"minecraft:golden_sword":3,"minecraft:string":13337,"minecraft:beetroot":2,"minecraft:diamond_leggings":3,"minecraft:gold_nugget":86,"minecraft:cobbled_deepslate":580,"minecraft:spruce_planks":2,"minecraft:trial_key":13,"minecraft:netherite_upgrade_smithing_template":8,"minecraft:hopper_minecart":2,"minecraft:melon_slice":61,"minecraft:jukebox":1,"minecraft:composter":1,"minecraft:green_bed":2,"minecraft:purpur_pillar":25,"minecraft:golden_chestplate":1,"minecraft:honey_bottle":5,"minecraft:iron_block":1,"minecraft:glowstone":11,"minecraft:end_rod":4,"minecraft:blaze_rod":35,"minecraft:iron_bars":18,"minecraft:birch_log":17,"minecraft:magma_block":40,"minecraft:cooked_beef":5,"minecraft:water_bucket":10,"minecraft:jungle_log":85,"minecraft:smoker":1,"minecraft:flint":8,"minecraft:diamond_helmet":5,"minecraft:glowstone_dust":3,"minecraft:ink_sac":2,"minecraft:barrel":10,"minecraft:dispenser":13,"minecraft:deepslate":4,"minecraft:lever":6,"minecraft:granite":25,"minecraft:bread":11,"minecraft:ominous_trial_key":3,"minecraft:crimson_roots":3,"minecraft:diamond_pickaxe":4,"minecraft:spruce_leaves":1,"minecraft:crafting_table":13,"minecraft:ominous_bottle":1,"minecraft:nether_wart":40,"minecraft:leather_leggings":1,"minecraft:music_disc_creator":1,"minecraft:dragon_head":3,"minecraft:purpur_block":56,"minecraft:wind_charge":21,"minecraft:cornflower":2,"minecraft:jungle_trapdoor":1,"minecraft:elytra":8,"minecraft:flint_and_steel":1,"minecraft:netherite_scrap":14,"minecraft:iron_shovel":1,"minecraft:cracked_stone_bricks":26,"minecraft:netherite_sword":1,"minecraft:beef":8,"minecraft:jungle_sapling":9,"minecraft:poppy":6,"minecraft:minecart":2,"minecraft:guster_pottery_sherd":2,"minecraft:chest":10,"minecraft:birch_sapling":2,"minecraft:piston":7,"minecraft:copper_ore":1,"minecraft:sandstone":54,"minecraft:stone":16,"minecraft:carrot":1032,"minecraft:redstone":429,"minecraft:music_disc_creator_music_box":3,"minecraft:jungle_sign":1,"minecraft:tnt":7,"minecraft:diamond_chestplate":2,"minecraft:decorated_pot":2,"minecraft:beetroot_seeds":7,"minecraft:hay_block":5,"minecraft:shears":3,"minecraft:diamond_boots":4,"minecraft:purpur_slab":2,"minecraft:gold_ingot":8,"minecraft:totem_of_undying":9,"minecraft:white_shulker_box":2,"minecraft:tuff_bricks":1,"minecraft:mutton":7,"minecraft:rail":23,"minecraft:white_wool":4,"minecraft:yellow_shulker_box":3,"minecraft:tripwire_hook":3,"minecraft:purpur_stairs":4,"minecraft:oak_log":113,"minecraft:jungle_button":2,"minecraft:ancient_debris":12,"minecraft:paper":64,"minecraft:white_banner":7,"minecraft:stone_bricks":1,"minecraft:kelp":2023,"minecraft:oak_fence_gate":3,"minecraft:glass_bottle":3,"minecraft:gravel":30,"minecraft:spruce_sapling":26,"minecraft:spruce_log":492,"minecraft:dragon_egg":2,"minecraft:polished_tuff":1,"minecraft:diamond_shovel":3,"minecraft:firework_rocket":434,"minecraft:slime_ball":118,"minecraft:diamond_axe":4,"minecraft:warped_roots":1,"minecraft:baked_potato":40,"minecraft:hopper":29,"minecraft:crimson_nylium":3,"minecraft:ender_pearl":58,"minecraft:shulker_shell":42,"minecraft:wheat":16,"minecraft:ender_chest":14,"minecraft:nether_brick_fence":1,"minecraft:turtle_egg":8,"minecraft:potion":14,"minecraft:red_candle":6,"minecraft:netherite_ingot":8,"minecraft:pink_shulker_box":3,"minecraft:black_shulker_box":10,"minecraft:smooth_stone":1,"minecraft:comparator":3,"minecraft:bucket":17,"minecraft:cobblestone_slab":3,"minecraft:calcite":9,"minecraft:furnace":3,"minecraft:deepslate_iron_ore":1,"minecraft:iron_boots":4,"minecraft:tipped_arrow":16,"minecraft:stick":33,"minecraft:orange_shulker_box":1,"minecraft:torch":67,"minecraft:porkchop":15,"minecraft:diorite":61,"minecraft:rotten_flesh":75,"minecraft:obsidian":110,"minecraft:cobblestone":927,"minecraft:repeater":24,"minecraft:andesite":43,"minecraft:golden_leggings":2,"minecraft:potato":30,"minecraft:tuff":153,"minecraft:wither_skeleton_skull":1,"minecraft:dirt":1367,"minecraft:lapis_lazuli":74,"minecraft:bone":123,"minecraft:bow":2,"minecraft:wheat_seeds":158,"minecraft:raw_gold":6,"minecraft:cobbled_deepslate_slab":616,"minecraft:bell":1,"minecraft:grindstone":3,"minecraft:bamboo":634,"minecraft:oak_planks":25,"minecraft:jungle_planks":32,"minecraft:sand":5244,"minecraft:nether_brick_stairs":1,"minecraft:grass_block":2,"minecraft:jungle_slab":7,"minecraft:shulker_box":93,"minecraft:mossy_cobblestone":1,"minecraft:sugar":5,"minecraft:diamond":117,"minecraft:crossbow":8,"minecraft:breeze_rod":30,"minecraft:bone_meal":1,"minecraft:spruce_sign":1,"minecraft:emerald":194,"minecraft:oak_sapling":3,"minecraft:netherrack":3348,"minecraft:azure_bluet":1,"minecraft:brick":55,"minecraft:shield":2,"minecraft:oak_trapdoor":11,"minecraft:iron_axe":4,"minecraft:item_frame":2,"minecraft:blackstone":64,"minecraft:spire_armor_trim_smithing_template":5,"minecraft:oak_boat":1,"minecraft:observer":17,"minecraft:lectern":227,"minecraft:sugar_cane":433,"minecraft:raw_iron":79,"minecraft:end_stone":10,"minecraft:cookie":64,"minecraft:weeping_vines":2,"minecraft:arrow":126,"minecraft:pumpkin_pie":1,"minecraft:nether_bricks":46,"minecraft:saddle":6,"minecraft:jungle_boat":5,"minecraft:leather":7,"minecraft:nether_wart_block":9,"minecraft:gunpowder":11,"minecraft:iron_ingot":67,"minecraft:cooked_chicken":6,"minecraft:soul_sand":10,"minecraft:book":379,"minecraft:oak_slab":30,"minecraft:scaffolding":476,"minecraft:nether_quartz_ore":1,"minecraft:pumpkin":8,"minecraft:quartz":139,"minecraft:dandelion":4,"minecraft:lava_bucket":2,"minecraft:blast_furnace":1,"minecraft:white_bed":42,"minecraft:spider_eye":130,"minecraft:iron_helmet":7,"minecraft:coal":172},"minecraft:killed":{"minecraft:shulker":54,"minecraft:skeleton":35,"minecraft:iron_golem":2,"minecraft:ender_dragon":1,"minecraft:pillager":43,"minecraft:zombie":36,"minecraft:cow":5,"minecraft:evoker":8,"minecraft:endermite":1,"minecraft:vindicator":18,"minecraft:ravager":6,"minecraft:breeze":4,"minecraft:enderman":34,"minecraft:zombified_piglin":4,"minecraft:spider":34,"minecraft:silverfish":5,"minecraft:piglin":7,"minecraft:pig":7,"minecraft:zombie_villager":1,"minecraft:creeper":5,"minecraft:sheep":4,"minecraft:blaze":23,"minecraft:vex":6,"minecraft:slime":69,"minecraft:hoglin":2,"minecraft:squid":2,"minecraft:wither_skeleton":4,"minecraft:villager":1}},"DataVersion":3953}