{"stats":{"minecraft:used":{"minecraft:apple":1},"minecraft:mined":{"minecraft:short_grass":1,"minecraft:grass_block":3,"minecraft:oak_log":5,"minecraft:birch_log":1,"minecraft:birch_leaves":4,"minecraft:oak_leaves":8},"minecraft:picked_up":{"minecraft:birch_log":1,"minecraft:rotten_flesh":2,"minecraft:oak_log":6,"minecraft:birch_sapling":1,"minecraft:string":1,"minecraft:dirt":3},"minecraft:custom":{"minecraft:open_chest":1,"minecraft:time_since_rest":5264,"minecraft:deaths":1,"minecraft:crouch_one_cm":281,"minecraft:sprint_one_cm":17149,"minecraft:play_time":22858,"minecraft:damage_taken":380,"minecraft:walk_one_cm":13472,"minecraft:sneak_time":129,"minecraft:mob_kills":1,"minecraft:jump":206,"minecraft:damage_dealt":298,"minecraft:leave_game":4,"minecraft:time_since_death":4930,"minecraft:total_world_time":22858,"minecraft:fall_one_cm":8595,"minecraft:fly_one_cm":38900},"minecraft:killed_by":{"minecraft:skeleton":1},"minecraft:killed":{"minecraft:spider":1}},"DataVersion":3953}