{"stats":{"minecraft:mined":{"minecraft:oak_log":4,"minecraft:birch_leaves":2,"minecraft:oak_leaves":7},"minecraft:picked_up":{"minecraft:oak_log":5},"minecraft:custom":{"minecraft:jump":57,"minecraft:time_since_rest":15645,"minecraft:damage_dealt":95,"minecraft:damage_taken":55,"minecraft:leave_game":4,"minecraft:crouch_one_cm":161,"minecraft:play_time":15645,"minecraft:sprint_one_cm":2864,"minecraft:time_since_death":15645,"minecraft:walk_one_cm":3598,"minecraft:sneak_time":103,"minecraft:total_world_time":15645,"minecraft:fall_one_cm":3450,"minecraft:fly_one_cm":5387}},"DataVersion":3953}