{"stats":{"minecraft:broken":{"minecraft:stone_pickaxe":2},"minecraft:mined":{"minecraft:white_bed":31,"minecraft:jungle_slab":6,"minecraft:jungle_leaves":42,"minecraft:obsidian":1,"minecraft:granite":22,"minecraft:grass_block":295,"minecraft:jungle_log":80,"minecraft:composter":1,"minecraft:smooth_stone":1,"minecraft:tall_seagrass":5,"minecraft:cobbled_deepslate":101,"minecraft:iron_ore":77,"minecraft:fire":30,"minecraft:barrel":10,"minecraft:pumpkin":3,"minecraft:deepslate_lapis_ore":4,"minecraft:anvil":2,"minecraft:tripwire":9,"minecraft:jungle_trapdoor":1,"minecraft:deepslate_redstone_ore":36,"minecraft:blackstone":1,"minecraft:smoker":1,"minecraft:torch":12,"minecraft:blast_furnace":1,"minecraft:calcite":4,"minecraft:melon":11,"minecraft:chest":7,"minecraft:glass":2,"minecraft:cobblestone":105,"minecraft:grindstone":3,"minecraft:sugar_cane":99,"minecraft:oak_planks":6,"minecraft:wall_torch":3,"minecraft:seagrass":2,"minecraft:repeater":2,"minecraft:nether_wart_block":1,"minecraft:birch_log":1,"minecraft:wheat":84,"minecraft:purpur_block":1,"minecraft:oak_log":62,"minecraft:beetroots":2,"minecraft:oak_fence_gate":4,"minecraft:sand":25,"minecraft:dirt":354,"minecraft:tripwire_hook":2,"minecraft:netherrack":181,"minecraft:oak_leaves":30,"minecraft:deepslate":476,"minecraft:tuff":131,"minecraft:mossy_cobblestone":1,"minecraft:deepslate_diamond_ore":36,"minecraft:shulker_box":12,"minecraft:end_stone":3,"minecraft:lever":2,"minecraft:cobbled_deepslate_slab":190,"minecraft:jungle_planks":21,"minecraft:hay_block":3,"minecraft:oak_trapdoor":10,"minecraft:furnace":3,"minecraft:carrots":117,"minecraft:andesite":25,"minecraft:bookshelf":7,"minecraft:potatoes":9,"minecraft:deepslate_iron_ore":3,"minecraft:cobblestone_slab":3,"minecraft:vine":10,"minecraft:rail":10,"minecraft:bamboo":97,"minecraft:stone":607,"minecraft:ender_chest":2,"minecraft:smithing_table":1,"minecraft:oak_slab":2,"minecraft:scaffolding":104,"minecraft:comparator":1,"minecraft:observer":4,"minecraft:crafting_table":12,"minecraft:short_grass":98,"minecraft:lectern":217,"minecraft:tall_grass":15,"minecraft:deepslate_gold_ore":7,"minecraft:diorite":62,"minecraft:birch_leaves":4,"minecraft:coal_ore":78,"minecraft:gravel":11,"minecraft:fern":4},"minecraft:killed_by":{"minecraft:piglin":1,"minecraft:skeleton":1},"minecraft:used":{"minecraft:dispenser":13,"minecraft:elytra":4,"minecraft:ladder":12,"minecraft:chest":29,"minecraft:shield":1,"minecraft:zombie_spawn_egg":3,"minecraft:jungle_planks":19,"minecraft:carrot":445,"minecraft:jungle_slab":18,"minecraft:tuff":133,"minecraft:obsidian":8,"minecraft:glass":18,"minecraft:lava_bucket":2,"minecraft:villager_spawn_egg":4,"minecraft:iron_helmet":1,"minecraft:repeater":24,"minecraft:scaffolding":544,"minecraft:jungle_button":8,"minecraft:furnace":5,"minecraft:potato":18,"minecraft:diorite":7,"minecraft:diamond_boots":1,"minecraft:stone_pickaxe":151,"minecraft:oak_planks":4,"minecraft:ender_pearl":1,"minecraft:wooden_pickaxe":9,"minecraft:sugar_cane":124,"minecraft:diamond_axe":675,"minecraft:jungle_boat":5,"minecraft:cookie":32,"minecraft:blast_furnace":2,"minecraft:end_stone":1,"minecraft:shears":16,"minecraft:lever":3,"minecraft:firework_rocket":104,"minecraft:melon_slice":61,"minecraft:string":56,"minecraft:bread":56,"minecraft:lectern":223,"minecraft:gravel":4,"minecraft:jungle_sign":4,"minecraft:diamond_sword":89,"minecraft:grindstone":2,"minecraft:smithing_table":1,"minecraft:oak_boat":1,"minecraft:bone_meal":1,"minecraft:oak_trapdoor":10,"minecraft:flint_and_steel":3,"minecraft:redstone":3,"minecraft:ender_chest":1,"minecraft:netherrack":187,"minecraft:torch":183,"minecraft:dirt":410,"minecraft:anvil":3,"minecraft:hopper":62,"minecraft:diamond_helmet":2,"minecraft:shulker_box":12,"minecraft:jungle_trapdoor":1,"minecraft:spruce_fence":8,"minecraft:iron_hoe":17,"minecraft:bookshelf":7,"minecraft:barrel":19,"minecraft:bamboo":85,"minecraft:diamond_chestplate":4,"minecraft:tripwire_hook":2,"minecraft:minecart":3,"minecraft:cobbled_deepslate":793,"minecraft:observer":17,"minecraft:calcite":4,"minecraft:water_bucket":119,"minecraft:baked_potato":15,"minecraft:cobblestone_slab":26,"minecraft:mossy_cobblestone":1,"minecraft:rail":90,"minecraft:comparator":2,"minecraft:oak_slab":1,"minecraft:crafting_table":15,"minecraft:white_bed":67,"minecraft:diamond_pickaxe":1916,"minecraft:apple":1,"minecraft:diamond_shovel":573,"minecraft:iron_pickaxe":138,"minecraft:stone_axe":48,"minecraft:cobblestone":254,"minecraft:cobbled_deepslate_slab":1811,"minecraft:bucket":129,"minecraft:diamond_leggings":1,"minecraft:splash_potion":2,"minecraft:smooth_stone":1},"minecraft:custom":{"minecraft:animals_bred":1,"minecraft:interact_with_crafting_table":80,"minecraft:open_barrel":6,"minecraft:open_shulker_box":23,"minecraft:leave_game":60,"minecraft:time_since_death":146291,"minecraft:sprint_one_cm":1516654,"minecraft:damage_blocked_by_shield":70,"minecraft:drop":232,"minecraft:talked_to_villager":702,"minecraft:play_time":1207801,"minecraft:deaths":3,"minecraft:jump":13264,"minecraft:walk_on_water_one_cm":171259,"minecraft:interact_with_furnace":56,"minecraft:traded_with_villager":859,"minecraft:sleep_in_bed":61,"minecraft:open_enderchest":15,"minecraft:damage_dealt":16791,"minecraft:crouch_one_cm":316276,"minecraft:inspect_dispenser":37,"minecraft:interact_with_smithing_table":3,"minecraft:mob_kills":79,"minecraft:interact_with_anvil":15,"minecraft:inspect_hopper":15,"minecraft:climb_one_cm":553307,"minecraft:walk_one_cm":1361731,"minecraft:sneak_time":111151,"minecraft:walk_under_water_one_cm":81310,"minecraft:boat_one_cm":35746,"minecraft:interact_with_blast_furnace":8,"minecraft:total_world_time":1207801,"minecraft:interact_with_grindstone":1,"minecraft:time_since_rest":78211,"minecraft:damage_taken":10463,"minecraft:swim_one_cm":246656,"minecraft:fly_one_cm":3586124,"minecraft:open_chest":641,"minecraft:aviate_one_cm":4205662,"minecraft:fall_one_cm":329513},"minecraft:dropped":{"minecraft:porkchop":11,"minecraft:diamond":4,"minecraft:crafting_table":1,"minecraft:netherite_upgrade_smithing_template":1,"minecraft:cookie":32,"minecraft:jungle_planks":1,"minecraft:elytra":2,"minecraft:flint":2,"minecraft:emerald":73,"minecraft:dirt":1,"minecraft:mutton":1,"minecraft:crimson_roots":1,"minecraft:gold_nugget":1,"minecraft:sand":256,"minecraft:iron_pickaxe":2,"minecraft:white_wool":1,"minecraft:bone":1,"minecraft:sugar_cane":20,"minecraft:cobbled_deepslate":30,"minecraft:wheat":1,"minecraft:obsidian":1,"minecraft:rotten_flesh":16,"minecraft:diamond_shovel":1,"minecraft:white_bed":2,"minecraft:carrot":2527,"minecraft:poppy":4,"minecraft:chainmail_boots":1,"minecraft:arrow":5,"minecraft:scaffolding":17,"minecraft:netherrack":7,"minecraft:lectern":1,"minecraft:firework_rocket":266,"minecraft:enchanted_book":3,"minecraft:water_bucket":3,"minecraft:iron_ingot":9,"minecraft:bread":10,"minecraft:oak_slab":29,"minecraft:wheat_seeds":76,"minecraft:cobblestone":3,"minecraft:iron_helmet":10,"minecraft:chainmail_helmet":1,"minecraft:stick":3,"minecraft:torch":1,"minecraft:diamond_helmet":2,"minecraft:smooth_stone":1,"minecraft:string":524,"minecraft:spruce_fence":1,"minecraft:shears":1,"minecraft:diamond_sword":1,"minecraft:cobblestone_slab":10,"minecraft:dragon_egg":1,"minecraft:diamond_pickaxe":2,"minecraft:andesite":15,"minecraft:oak_boat":1,"minecraft:oak_sapling":2,"minecraft:bamboo":131,"minecraft:spider_eye":2,"minecraft:diamond_boots":1,"minecraft:calcite":1},"minecraft:crafted":{"minecraft:jungle_button":4,"minecraft:oak_planks":204,"minecraft:smooth_stone":4,"minecraft:cobblestone_slab":18,"minecraft:barrel":9,"minecraft:stone":13,"minecraft:diamond_shovel":1,"minecraft:bookshelf":14,"minecraft:shulker_box":2,"minecraft:glass":25,"minecraft:hopper":62,"minecraft:diamond_helmet":1,"minecraft:diamond_leggings":1,"minecraft:chest":86,"minecraft:rail":96,"minecraft:oak_slab":24,"minecraft:emerald":775,"minecraft:diamond_axe":1,"minecraft:crafting_table":6,"minecraft:jungle_boat":3,"minecraft:wooden_pickaxe":1,"minecraft:iron_helmet":10,"minecraft:smithing_table":1,"minecraft:birch_planks":4,"minecraft:lectern":6,"minecraft:book":3,"minecraft:diamond_pickaxe":3,"minecraft:shield":1,"minecraft:stick":76,"minecraft:iron_ingot":49,"minecraft:iron_pickaxe":2,"minecraft:iron_block":6,"minecraft:shears":1,"minecraft:jungle_sign":6,"minecraft:cobbled_deepslate_slab":1452,"minecraft:diamond_hoe":3,"minecraft:furnace":3,"minecraft:blast_furnace":1,"minecraft:jungle_trapdoor":2,"minecraft:scaffolding":450,"minecraft:ladder":12,"minecraft:stone_pickaxe":11,"minecraft:diamond_boots":1,"minecraft:minecart":1,"minecraft:wheat":45,"minecraft:bucket":1,"minecraft:stone_axe":1,"minecraft:enchanted_book":21,"minecraft:jungle_slab":54,"minecraft:bread":19,"minecraft:air":0,"minecraft:jungle_planks":668,"minecraft:oak_boat":1,"minecraft:chainmail_boots":18,"minecraft:anvil":2,"minecraft:torch":132,"minecraft:diamond_chestplate":1,"minecraft:firework_rocket":354},"minecraft:picked_up":{"minecraft:shulker_shell":10,"minecraft:wheat":16,"minecraft:chainmail_boots":1,"minecraft:ender_chest":5,"minecraft:anvil":4,"minecraft:smithing_table":1,"minecraft:diamond_sword":3,"minecraft:string":10136,"minecraft:netherite_ingot":8,"minecraft:beetroot":2,"minecraft:diamond_leggings":2,"minecraft:cobbled_deepslate":580,"minecraft:gold_nugget":1,"minecraft:smooth_stone":1,"minecraft:comparator":3,"minecraft:bucket":17,"minecraft:netherite_upgrade_smithing_template":8,"minecraft:cobblestone_slab":3,"minecraft:calcite":9,"minecraft:melon_slice":61,"minecraft:furnace":3,"minecraft:iron_boots":2,"minecraft:stick":9,"minecraft:composter":1,"minecraft:torch":61,"minecraft:porkchop":11,"minecraft:diorite":61,"minecraft:golden_chestplate":1,"minecraft:rotten_flesh":34,"minecraft:obsidian":1,"minecraft:cobblestone":783,"minecraft:birch_log":1,"minecraft:repeater":24,"minecraft:andesite":28,"minecraft:water_bucket":10,"minecraft:jungle_log":83,"minecraft:smoker":1,"minecraft:potato":29,"minecraft:flint":2,"minecraft:tuff":152,"minecraft:lapis_lazuli":19,"minecraft:dirt":848,"minecraft:bone":4,"minecraft:wheat_seeds":139,"minecraft:raw_gold":6,"minecraft:cobbled_deepslate_slab":616,"minecraft:grindstone":3,"minecraft:diamond_helmet":4,"minecraft:bamboo":634,"minecraft:oak_planks":7,"minecraft:jungle_planks":24,"minecraft:sand":281,"minecraft:jungle_slab":6,"minecraft:shulker_box":13,"minecraft:barrel":10,"minecraft:mossy_cobblestone":1,"minecraft:dispenser":13,"minecraft:diamond":40,"minecraft:lever":3,"minecraft:granite":23,"minecraft:bone_meal":1,"minecraft:emerald":96,"minecraft:oak_sapling":3,"minecraft:netherrack":477,"minecraft:diamond_pickaxe":4,"minecraft:crafting_table":11,"minecraft:purpur_block":1,"minecraft:shield":2,"minecraft:jungle_trapdoor":1,"minecraft:oak_trapdoor":9,"minecraft:elytra":6,"minecraft:blackstone":1,"minecraft:cracked_stone_bricks":24,"minecraft:beef":8,"minecraft:oak_boat":1,"minecraft:jungle_sapling":8,"minecraft:observer":17,"minecraft:poppy":4,"minecraft:lectern":218,"minecraft:minecart":2,"minecraft:sugar_cane":199,"minecraft:chest":7,"minecraft:birch_sapling":1,"minecraft:raw_iron":79,"minecraft:end_stone":6,"minecraft:cookie":64,"minecraft:carrot":976,"minecraft:redstone":377,"minecraft:jungle_sign":1,"minecraft:diamond_chestplate":1,"minecraft:arrow":11,"minecraft:beetroot_seeds":7,"minecraft:shears":3,"minecraft:diamond_boots":3,"minecraft:hay_block":5,"minecraft:mutton":7,"minecraft:white_wool":4,"minecraft:rail":10,"minecraft:jungle_boat":5,"minecraft:tripwire_hook":2,"minecraft:leather":2,"minecraft:oak_log":62,"minecraft:jungle_button":2,"minecraft:gunpowder":6,"minecraft:paper":64,"minecraft:oak_fence_gate":3,"minecraft:iron_ingot":32,"minecraft:book":25,"minecraft:oak_slab":30,"minecraft:scaffolding":476,"minecraft:pumpkin":8,"minecraft:gravel":11,"minecraft:lava_bucket":2,"minecraft:blast_furnace":1,"minecraft:white_bed":40,"minecraft:dragon_egg":1,"minecraft:spider_eye":2,"minecraft:firework_rocket":340,"minecraft:diamond_shovel":3,"minecraft:iron_helmet":7,"minecraft:diamond_axe":3,"minecraft:baked_potato":30,"minecraft:coal":140,"minecraft:ender_pearl":1},"minecraft:killed":{"minecraft:zombified_piglin":1,"minecraft:spider":4,"minecraft:shulker":10,"minecraft:skeleton":7,"minecraft:piglin":2,"minecraft:pig":7,"minecraft:zombie_villager":1,"minecraft:iron_golem":2,"minecraft:ender_dragon":1,"minecraft:creeper":4,"minecraft:sheep":4,"minecraft:zombie":26,"minecraft:cow":5,"minecraft:villager":1,"minecraft:enderman":1}},"DataVersion":3953}