{"stats":{"minecraft:used":{"minecraft:apple":1,"minecraft:bread":2,"minecraft:stone_pickaxe":3,"minecraft:wooden_pickaxe":9,"minecraft:stone_axe":7,"minecraft:dirt":1,"minecraft:cobblestone":1,"minecraft:crafting_table":1},"minecraft:crafted":{"minecraft:oak_planks":24,"minecraft:crafting_table":1,"minecraft:stick":8,"minecraft:wooden_pickaxe":1,"minecraft:stone_pickaxe":1,"minecraft:birch_planks":4,"minecraft:stone_axe":1,"minecraft:bread":12,"minecraft:wheat":36},"minecraft:mined":{"minecraft:hay_block":3,"minecraft:mossy_cobblestone":1,"minecraft:birch_log":1,"minecraft:birch_leaves":4,"minecraft:short_grass":1,"minecraft:grass_block":4,"minecraft:oak_log":10,"minecraft:dirt":1,"minecraft:cobblestone":9,"minecraft:grindstone":1,"minecraft:oak_leaves":9},"minecraft:dropped":{"minecraft:iron_ingot":5},"minecraft:picked_up":{"minecraft:birch_log":1,"minecraft:oak_log":11,"minecraft:dirt":5,"minecraft:string":1,"minecraft:mossy_cobblestone":1,"minecraft:rotten_flesh":2,"minecraft:hay_block":5,"minecraft:iron_ingot":5,"minecraft:grindstone":1,"minecraft:poppy":1,"minecraft:oak_sapling":1,"minecraft:birch_sapling":1,"minecraft:cobblestone":9},"minecraft:custom":{"minecraft:time_since_rest":17264,"minecraft:sprint_one_cm":21765,"minecraft:damage_taken":380,"minecraft:walk_one_cm":23372,"minecraft:mob_kills":2,"minecraft:drop":1,"minecraft:damage_dealt":1112,"minecraft:interact_with_crafting_table":4,"minecraft:fly_one_cm":44652,"minecraft:open_chest":1,"minecraft:crouch_one_cm":290,"minecraft:play_time":34858,"minecraft:deaths":1,"minecraft:sneak_time":133,"minecraft:jump":235,"minecraft:leave_game":4,"minecraft:time_since_death":16930,"minecraft:total_world_time":34858,"minecraft:fall_one_cm":8804},"minecraft:killed_by":{"minecraft:skeleton":1},"minecraft:killed":{"minecraft:spider":1,"minecraft:iron_golem":1}},"DataVersion":3953}