{"stats":{"minecraft:broken":{"minecraft:diamond_shovel":1,"minecraft:stone_pickaxe":2},"minecraft:mined":{"minecraft:dark_oak_planks":8,"minecraft:dragon_wall_head":3,"minecraft:red_shulker_box":8,"minecraft:white_bed":42,"minecraft:jungle_leaves":68,"minecraft:obsidian":89,"minecraft:granite":35,"minecraft:jungle_log":83,"minecraft:purpur_slab":3,"minecraft:hopper":21,"minecraft:nether_wart":14,"minecraft:spawner":1,"minecraft:weeping_vines_plant":3,"minecraft:tall_seagrass":8,"minecraft:magma_block":115,"minecraft:cobbled_deepslate":101,"minecraft:fire":37,"minecraft:barrel":19,"minecraft:pumpkin":3,"minecraft:deepslate_lapis_ore":4,"minecraft:nether_brick_stairs":1,"minecraft:white_shulker_box":13,"minecraft:iron_block":12,"minecraft:tripwire":13,"minecraft:jungle_trapdoor":1,"minecraft:smoker":1,"minecraft:crimson_nylium":5,"minecraft:torch":14,"minecraft:blast_furnace":1,"minecraft:melon":11,"minecraft:glass":203,"minecraft:sugar_cane":487,"minecraft:spruce_sign":1,"minecraft:repeater":5,"minecraft:wheat":84,"minecraft:jukebox":1,"minecraft:stone_brick_stairs":3,"minecraft:oak_fence_gate":4,"minecraft:zombie_wall_head":1,"minecraft:blue_shulker_box":3,"minecraft:piston":8,"minecraft:deepslate":519,"minecraft:pink_shulker_box":9,"minecraft:mossy_cobblestone":1,"minecraft:shulker_box":92,"minecraft:end_stone":7,"minecraft:nether_bricks":19,"minecraft:cobbled_deepslate_slab":190,"minecraft:jungle_planks":21,"minecraft:crimson_roots":3,"minecraft:orange_shulker_box":9,"minecraft:redstone_wire":40,"minecraft:redstone_ore":2,"minecraft:snow":146,"minecraft:andesite":45,"minecraft:potatoes":125,"minecraft:cobblestone_slab":3,"minecraft:vine":11,"minecraft:rail":124,"minecraft:bamboo":98,"minecraft:waxed_weathered_copper_bulb":1,"minecraft:ender_chest":28,"minecraft:smithing_table":1,"minecraft:oak_slab":2,"minecraft:redstone_block":3,"minecraft:glass_pane":3,"minecraft:comparator":10,"minecraft:soul_sand":10,"minecraft:observer":4,"minecraft:dandelion":4,"minecraft:cornflower":2,"minecraft:short_grass":180,"minecraft:emerald_ore":1,"minecraft:dropper":1,"minecraft:purpur_pillar":27,"minecraft:tall_grass":36,"minecraft:copper_ore":2,"minecraft:dried_kelp_block":2,"minecraft:deepslate_gold_ore":17,"minecraft:diorite":79,"minecraft:creeper_head":2,"minecraft:spruce_log":834,"minecraft:birch_leaves":8,"minecraft:zombie_head":1,"minecraft:gravel":63,"minecraft:cobweb":53,"minecraft:stone_bricks":1,"minecraft:fern":4,"minecraft:black_shulker_box":14,"minecraft:spruce_planks":57,"minecraft:jungle_slab":10,"minecraft:brewing_stand":3,"minecraft:grass_block":922,"minecraft:composter":1,"minecraft:tuff_bricks":6,"minecraft:smooth_stone":1,"minecraft:glowstone":12,"minecraft:iron_ore":77,"minecraft:turtle_egg":8,"minecraft:polished_tuff":1,"minecraft:anvil":2,"minecraft:azure_bluet":1,"minecraft:iron_bars":19,"minecraft:spruce_slab":2,"minecraft:green_bed":2,"minecraft:deepslate_redstone_ore":38,"minecraft:blackstone":98,"minecraft:purpur_stairs":4,"minecraft:calcite":4,"minecraft:poppy":2,"minecraft:beacon":2,"minecraft:chest":63,"minecraft:nether_quartz_ore":8,"minecraft:cobblestone":114,"minecraft:grindstone":3,"minecraft:oak_planks":20,"minecraft:wall_torch":3,"minecraft:seagrass":9,"minecraft:red_candle":1,"minecraft:powered_rail":10,"minecraft:nether_wart_block":9,"minecraft:birch_log":17,"minecraft:tnt":7,"minecraft:purpur_block":38,"minecraft:oak_log":107,"minecraft:beetroots":2,"minecraft:sand":5403,"minecraft:dirt":1215,"minecraft:tripwire_hook":4,"minecraft:wither_skeleton_skull":2,"minecraft:netherrack":2521,"minecraft:ancient_debris":12,"minecraft:oak_leaves":37,"minecraft:nether_gold_ore":4,"minecraft:tuff":131,"minecraft:deepslate_diamond_ore":56,"minecraft:lever":9,"minecraft:decorated_pot":12,"minecraft:weeping_vines":1,"minecraft:spruce_leaves":76,"minecraft:hay_block":3,"minecraft:oak_trapdoor":11,"minecraft:spruce_sapling":1,"minecraft:furnace":3,"minecraft:carrots":285,"minecraft:nether_sprouts":1,"minecraft:light_gray_shulker_box":3,"minecraft:gold_block":38,"minecraft:bell":1,"minecraft:nether_brick_fence":2,"minecraft:bookshelf":130,"minecraft:deepslate_iron_ore":4,"minecraft:stone":1351,"minecraft:yellow_shulker_box":33,"minecraft:redstone_wall_torch":1,"minecraft:waxed_exposed_copper_bulb":1,"minecraft:scaffolding":127,"minecraft:magenta_stained_glass":1,"minecraft:snow_block":3,"minecraft:crafting_table":16,"minecraft:lectern":261,"minecraft:stone_slab":4,"minecraft:lapis_ore":1,"minecraft:redstone_torch":28,"minecraft:coal_ore":106,"minecraft:end_rod":4,"minecraft:cracked_stone_bricks":2},"minecraft:killed_by":{"minecraft:piglin":1,"minecraft:skeleton":1},"minecraft:custom":{"minecraft:interact_with_crafting_table":255,"minecraft:open_barrel":10,"minecraft:bell_ring":50,"minecraft:eat_cake_slice":14,"minecraft:leave_game":111,"minecraft:time_since_death":1898300,"minecraft:damage_blocked_by_shield":175,"minecraft:play_time":2959810,"minecraft:deaths":3,"minecraft:jump":31260,"minecraft:enchant_item":1,"minecraft:interact_with_furnace":412,"minecraft:play_record":5,"minecraft:traded_with_villager":2054,"minecraft:sleep_in_bed":143,"minecraft:damage_dealt":148499,"minecraft:inspect_dispenser":44,"minecraft:interact_with_smithing_table":28,"minecraft:inspect_dropper":6,"minecraft:interact_with_anvil":41,"minecraft:inspect_hopper":420,"minecraft:sneak_time":301629,"minecraft:interact_with_blast_furnace":29,"minecraft:total_world_time":2959810,"minecraft:time_since_rest":8543,"minecraft:swim_one_cm":495149,"minecraft:fly_one_cm":7742689,"minecraft:open_chest":2308,"minecraft:fall_one_cm":852988,"minecraft:animals_bred":3,"minecraft:open_shulker_box":517,"minecraft:sprint_one_cm":4946143,"minecraft:drop":801,"minecraft:talked_to_villager":1069,"minecraft:interact_with_brewingstand":5,"minecraft:walk_on_water_one_cm":306647,"minecraft:interact_with_loom":2,"minecraft:open_enderchest":339,"minecraft:interact_with_beacon":5,"minecraft:crouch_one_cm":933511,"minecraft:mob_kills":18422,"minecraft:climb_one_cm":758982,"minecraft:walk_one_cm":4076603,"minecraft:raid_win":5,"minecraft:walk_under_water_one_cm":297260,"minecraft:boat_one_cm":35746,"minecraft:raid_trigger":1,"minecraft:interact_with_grindstone":2,"minecraft:damage_taken":47527,"minecraft:damage_absorbed":135,"minecraft:minecart_one_cm":1857,"minecraft:aviate_one_cm":32743643},"minecraft:used":{"minecraft:tuff_bricks":4,"minecraft:dispenser":13,"minecraft:spruce_slab":4,"minecraft:elytra":105,"minecraft:ladder":18,"minecraft:chest":102,"minecraft:stone":99,"minecraft:white_shulker_box":13,"minecraft:soul_sand":8,"minecraft:jungle_slab":23,"minecraft:snowball":29,"minecraft:weeping_vines":1,"minecraft:lava_bucket":4,"minecraft:netherite_shovel":5461,"minecraft:villager_spawn_egg":4,"minecraft:grass_block":3,"minecraft:orange_shulker_box":9,"minecraft:netherite_hoe":4,"minecraft:stone_brick_stairs":15,"minecraft:netherite_boots":1,"minecraft:snow":69,"minecraft:ominous_bottle":1,"minecraft:furnace":5,"minecraft:egg":1,"minecraft:potato":88,"minecraft:emerald_ore":1,"minecraft:diorite":7,"minecraft:powered_rail":34,"minecraft:blackstone":1,"minecraft:wooden_pickaxe":9,"minecraft:purpur_pillar":2,"minecraft:jungle_boat":5,"minecraft:cookie":32,"minecraft:blast_furnace":2,"minecraft:zombie_head":4,"minecraft:lectern":268,"minecraft:diamond_sword":274,"minecraft:smithing_table":2,"minecraft:oak_boat":1,"minecraft:oak_trapdoor":13,"minecraft:enchanting_table":1,"minecraft:trial_key":7,"minecraft:torch":185,"minecraft:netherrack":844,"minecraft:light_gray_shulker_box":3,"minecraft:brewing_stand":1,"minecraft:anvil":5,"minecraft:jungle_trapdoor":1,"minecraft:red_shulker_box":8,"minecraft:iron_block":81,"minecraft:totem_of_undying":11,"minecraft:barrel":30,"minecraft:bamboo":85,"minecraft:diamond_chestplate":4,"minecraft:tripwire_hook":4,"minecraft:goat_horn":2,"minecraft:cobbled_deepslate":793,"minecraft:observer":17,"minecraft:calcite":4,"minecraft:water_bucket":235,"minecraft:yellow_shulker_box":33,"minecraft:mossy_cobblestone":1,"minecraft:rail":294,"minecraft:comparator":16,"minecraft:tnt":202,"minecraft:oak_slab":1,"minecraft:crafting_table":23,"minecraft:white_bed":76,"minecraft:spruce_log":2,"minecraft:ender_eye":11,"minecraft:diamond_pickaxe":3440,"minecraft:cornflower":1,"minecraft:ominous_trial_key":2,"minecraft:diamond_shovel":2135,"minecraft:wind_charge":5,"minecraft:iron_pickaxe":138,"minecraft:suspicious_stew":7,"minecraft:spruce_trapdoor":24,"minecraft:spruce_sapling":47,"minecraft:cobblestone":285,"minecraft:potion":4,"minecraft:diamond_leggings":1,"minecraft:jukebox":2,"minecraft:shield":2,"minecraft:creeper_head":3,"minecraft:nether_wart":19,"minecraft:zombie_spawn_egg":3,"minecraft:bell":1,"minecraft:spruce_leaves":1,"minecraft:jungle_planks":20,"minecraft:nether_bricks":2,"minecraft:carrot":717,"minecraft:tuff":133,"minecraft:obsidian":52,"minecraft:glass":2888,"minecraft:iron_helmet":1,"minecraft:hopper_minecart":14,"minecraft:item_frame":8,"minecraft:deepslate_diamond_ore":10,"minecraft:repeater":48,"minecraft:magma_block":2001,"minecraft:scaffolding":592,"minecraft:jungle_button":8,"minecraft:blue_shulker_box":3,"minecraft:gold_block":202,"minecraft:skeleton_skull":2,"minecraft:diamond_boots":1,"minecraft:dropper":2,"minecraft:wither_skeleton_skull":3,"minecraft:stone_pickaxe":151,"minecraft:oak_planks":11,"minecraft:ender_pearl":37,"minecraft:redstone_block":5,"minecraft:sugar_cane":130,"minecraft:diamond_axe":881,"minecraft:deepslate_redstone_ore":1,"minecraft:crossbow":21,"minecraft:stone_brick_wall":56,"minecraft:end_stone":4,"minecraft:shears":19,"minecraft:redstone_torch":46,"minecraft:lever":13,"minecraft:firework_rocket":872,"minecraft:melon_slice":61,"minecraft:string":69,"minecraft:bread":141,"minecraft:deepslate":1,"minecraft:gravel":18,"minecraft:jungle_sign":4,"minecraft:grindstone":4,"minecraft:andesite":7,"minecraft:bone_meal":318,"minecraft:netherite_sword":1365,"minecraft:trident":495,"minecraft:flint_and_steel":20,"minecraft:redstone_ore":1,"minecraft:redstone":74,"minecraft:spruce_planks":57,"minecraft:ender_chest":26,"minecraft:deepslate_gold_ore":5,"minecraft:dried_kelp_block":2,"minecraft:dirt":917,"minecraft:white_carpet":4,"minecraft:hopper":220,"minecraft:diamond_helmet":2,"minecraft:shulker_box":91,"minecraft:spruce_fence":8,"minecraft:iron_hoe":18,"minecraft:bookshelf":32,"minecraft:golden_carrot":330,"minecraft:emerald_block":15,"minecraft:drowned_spawn_egg":144,"minecraft:netherite_pickaxe":3034,"minecraft:minecart":113,"minecraft:snow_block":3,"minecraft:netherite_chestplate":97,"minecraft:baked_potato":33,"minecraft:black_shulker_box":14,"minecraft:spruce_sign":4,"minecraft:beacon":3,"minecraft:green_bed":2,"minecraft:cobblestone_slab":26,"minecraft:piston":12,"minecraft:apple":9,"minecraft:netherite_axe":1073,"minecraft:stone_slab":14,"minecraft:stone_axe":48,"minecraft:cobbled_deepslate_slab":1811,"minecraft:white_banner":8,"minecraft:pink_shulker_box":13,"minecraft:bucket":246,"minecraft:pumpkin_pie":1,"minecraft:splash_potion":9,"minecraft:smooth_stone":1},"minecraft:dropped":{"minecraft:porkchop":18,"minecraft:ominous_bottle":1,"minecraft:glass_bottle":21,"minecraft:diamond":4,"minecraft:crafting_table":1,"minecraft:crossbow":17,"minecraft:weeping_vines":2,"minecraft:cookie":32,"minecraft:warped_roots":1,"minecraft:saddle":5,"minecraft:elytra":2,"minecraft:music_disc_creator_music_box":1,"minecraft:emerald":73,"minecraft:dirt":21,"minecraft:gold_nugget":6,"minecraft:bone_meal":1,"minecraft:sand":297,"minecraft:sugar":23,"minecraft:iron_pickaxe":2,"minecraft:white_wool":1,"minecraft:bone":3008,"minecraft:sugar_cane":20,"minecraft:cooked_chicken":3,"minecraft:cobbled_deepslate":30,"minecraft:netherite_sword":3,"minecraft:wheat":1,"minecraft:obsidian":28,"minecraft:rotten_flesh":2858,"minecraft:oak_planks":1,"minecraft:glowstone_dust":25,"minecraft:white_bed":2,"minecraft:eye_armor_trim_smithing_template":5,"minecraft:red_candle":3,"minecraft:jungle_log":2,"minecraft:glass":314,"minecraft:beef":4,"minecraft:lectern":1,"minecraft:egg":1,"minecraft:enchanted_book":3,"minecraft:iron_ingot":17,"minecraft:wheat_seeds":92,"minecraft:cobblestone":216,"minecraft:iron_helmet":10,"minecraft:feather":8,"minecraft:chainmail_helmet":1,"minecraft:coal":6,"minecraft:end_rod":1,"minecraft:oxeye_daisy":1,"minecraft:jungle_slab":2,"minecraft:golden_carrot":60,"minecraft:diamond_helmet":2,"minecraft:potion":3,"minecraft:white_banner":8,"minecraft:smooth_stone":1,"minecraft:string":1947,"minecraft:spruce_sapling":2,"minecraft:netherite_hoe":1,"minecraft:deepslate":4,"minecraft:chicken":6,"minecraft:iron_boots":2,"minecraft:stone_slab":4,"minecraft:name_tag":14,"minecraft:nether_bricks":6,"minecraft:spruce_fence":1,"minecraft:shears":1,"minecraft:diamond_sword":1,"minecraft:potato":129,"minecraft:cobblestone_slab":10,"minecraft:stone":127,"minecraft:spruce_trapdoor":2,"minecraft:diamond_pickaxe":2,"minecraft:pink_shulker_box":3,"minecraft:bamboo":132,"minecraft:spider_eye":69,"minecraft:sandstone":54,"minecraft:bow":1,"minecraft:guster_pottery_sherd":1,"minecraft:nether_brick_stairs":1,"minecraft:crimson_nylium":3,"minecraft:soul_sand":10,"minecraft:orange_dye":1,"minecraft:baked_potato":5,"minecraft:decorated_pot":2,"minecraft:netherite_upgrade_smithing_template":1,"minecraft:leather":4,"minecraft:jungle_planks":2,"minecraft:flint":4,"minecraft:cornflower":1,"minecraft:mutton":1,"minecraft:crimson_roots":4,"minecraft:seagrass":3,"minecraft:snowball":4,"minecraft:gravel":6,"minecraft:diamond_shovel":1,"minecraft:carrot":5101,"minecraft:shulker_shell":3,"minecraft:poppy":5,"minecraft:gunpowder":28,"minecraft:chest":38,"minecraft:chainmail_boots":1,"minecraft:arrow":2907,"minecraft:scaffolding":25,"minecraft:netherrack":477,"minecraft:firework_rocket":420,"minecraft:water_bucket":3,"minecraft:bread":970,"minecraft:oak_slab":29,"minecraft:deepslate_iron_ore":1,"minecraft:poisonous_potato":7,"minecraft:polished_tuff":1,"minecraft:ominous_trial_key":1,"minecraft:stick":35,"minecraft:iron_block":16,"minecraft:torch":2,"minecraft:nether_wart_block":7,"minecraft:iron_axe":7,"minecraft:dandelion":6,"minecraft:redstone":49,"minecraft:tuff_bricks":1,"minecraft:ender_chest":2,"minecraft:nether_wart":9,"minecraft:tuff":1,"minecraft:wither_skeleton_skull":2,"minecraft:totem_of_undying":3,"minecraft:shulker_box":1,"minecraft:flint_and_steel":1,"minecraft:copper_ore":1,"minecraft:dragon_egg":2,"minecraft:andesite":23,"minecraft:golden_leggings":2,"minecraft:oak_boat":1,"minecraft:oak_sapling":2,"minecraft:golden_sword":37,"minecraft:diamond_boots":1,"minecraft:spruce_log":228,"minecraft:nether_quartz_ore":1,"minecraft:calcite":1,"minecraft:brick":44},"minecraft:crafted":{"minecraft:ender_chest":5,"minecraft:black_dye":1,"minecraft:jungle_button":4,"minecraft:smooth_stone":4,"minecraft:blaze_powder":16,"minecraft:lever":5,"minecraft:diamond_shovel":1,"minecraft:bookshelf":51,"minecraft:shulker_box":7,"minecraft:glass":25,"minecraft:diamond_helmet":1,"minecraft:repeater":22,"minecraft:diamond_leggings":1,"minecraft:netherite_boots":1,"minecraft:beacon":1,"minecraft:dried_kelp_block":172,"minecraft:white_shulker_box":1,"minecraft:emerald":1810,"minecraft:diamond_axe":1,"minecraft:jungle_boat":3,"minecraft:smithing_table":1,"minecraft:lectern":8,"minecraft:stone_slab":6,"minecraft:iron_pickaxe":2,"minecraft:iron_block":21,"minecraft:gold_ingot":1151,"minecraft:light_gray_dye":1,"minecraft:netherite_ingot":3,"minecraft:jungle_sign":6,"minecraft:golden_carrot":537,"minecraft:jukebox":1,"minecraft:orange_shulker_box":1,"minecraft:diamond_hoe":3,"minecraft:blue_shulker_box":1,"minecraft:bone_meal":399,"minecraft:netherite_axe":1,"minecraft:light_gray_shulker_box":1,"minecraft:ladder":18,"minecraft:spruce_slab":12,"minecraft:red_shulker_box":1,"minecraft:stone_pickaxe":11,"minecraft:diamond_boots":1,"minecraft:eye_armor_trim_smithing_template":10,"minecraft:redstone_block":1,"minecraft:wheat":45,"minecraft:enchanting_table":1,"minecraft:enchanted_book":40,"minecraft:orange_dye":2,"minecraft:jungle_slab":54,"minecraft:chainmail_boots":18,"minecraft:oak_planks":252,"minecraft:cobblestone_slab":18,"minecraft:barrel":11,"minecraft:stone":13,"minecraft:snow":78,"minecraft:suspicious_stew":7,"minecraft:hopper":142,"minecraft:comparator":9,"minecraft:chest":163,"minecraft:netherite_helmet":2,"minecraft:netherite_upgrade_smithing_template":12,"minecraft:rail":320,"minecraft:ender_eye":16,"minecraft:spire_armor_trim_smithing_template":6,"minecraft:dropper":1,"minecraft:oak_slab":24,"minecraft:item_frame":5,"minecraft:crafting_table":10,"minecraft:spruce_planks":1056,"minecraft:wooden_pickaxe":1,"minecraft:iron_helmet":10,"minecraft:hopper_minecart":5,"minecraft:gold_block":170,"minecraft:birch_planks":12,"minecraft:black_shulker_box":1,"minecraft:apple":36,"minecraft:tnt":179,"minecraft:book":3,"minecraft:paper":357,"minecraft:emerald_block":15,"minecraft:diamond_pickaxe":4,"minecraft:yellow_dye":2,"minecraft:shield":1,"minecraft:stick":196,"minecraft:iron_ingot":166,"minecraft:snow_block":49,"minecraft:redstone_torch":90,"minecraft:shears":2,"minecraft:cobbled_deepslate_slab":1452,"minecraft:netherite_sword":1,"minecraft:blast_furnace":1,"minecraft:furnace":3,"minecraft:jungle_trapdoor":2,"minecraft:oak_trapdoor":2,"minecraft:flint_and_steel":2,"minecraft:scaffolding":450,"minecraft:netherite_chestplate":3,"minecraft:netherite_leggings":2,"minecraft:yellow_shulker_box":1,"minecraft:netherite_scrap":12,"minecraft:minecart":2,"minecraft:sugar":64,"minecraft:red_dye":2,"minecraft:spruce_sign":3,"minecraft:powered_rail":30,"minecraft:bucket":1,"minecraft:stone_axe":1,"minecraft:air":0,"minecraft:bread":43,"minecraft:jungle_planks":668,"minecraft:blue_dye":1,"minecraft:oak_boat":1,"minecraft:gold_nugget":45,"minecraft:white_dye":1,"minecraft:netherite_shovel":1,"minecraft:anvil":3,"minecraft:torch":132,"minecraft:diamond_chestplate":1,"minecraft:firework_rocket":1137},"minecraft:picked_up":{"minecraft:seagrass":13,"minecraft:chainmail_boots":1,"minecraft:creeper_head":3,"minecraft:anvil":4,"minecraft:lead":1,"minecraft:smithing_table":1,"minecraft:stone_slab":4,"minecraft:diamond_sword":3,"minecraft:enchanted_book":1,"minecraft:brewing_stand":3,"minecraft:golden_sword":48,"minecraft:string":13505,"minecraft:beetroot":2,"minecraft:diamond_leggings":3,"minecraft:gold_nugget":895,"minecraft:cobbled_deepslate":580,"minecraft:spruce_planks":20,"minecraft:trial_key":13,"minecraft:netherite_upgrade_smithing_template":8,"minecraft:hopper_minecart":7,"minecraft:melon_slice":61,"minecraft:jukebox":1,"minecraft:composter":1,"minecraft:purpur_pillar":25,"minecraft:green_bed":2,"minecraft:golden_chestplate":1,"minecraft:honey_bottle":5,"minecraft:iron_block":106,"minecraft:glowstone":11,"minecraft:end_rod":4,"minecraft:blaze_rod":35,"minecraft:iron_bars":18,"minecraft:snowball":219,"minecraft:birch_log":17,"minecraft:magma_block":60,"minecraft:feather":3,"minecraft:cooked_beef":5,"minecraft:water_bucket":10,"minecraft:jungle_log":85,"minecraft:smoker":1,"minecraft:flint":8,"minecraft:diamond_helmet":5,"minecraft:glowstone_dust":9,"minecraft:dropper":1,"minecraft:ink_sac":2,"minecraft:barrel":19,"minecraft:dispenser":13,"minecraft:deepslate":43,"minecraft:lever":13,"minecraft:deepslate_gold_ore":5,"minecraft:granite":33,"minecraft:bread":459,"minecraft:ominous_trial_key":3,"minecraft:crimson_roots":3,"minecraft:diamond_pickaxe":4,"minecraft:spruce_leaves":1,"minecraft:crafting_table":15,"minecraft:ominous_bottle":4,"minecraft:nether_wart":50,"minecraft:leather_leggings":1,"minecraft:music_disc_creator":3,"minecraft:dragon_head":3,"minecraft:purpur_block":56,"minecraft:wind_charge":21,"minecraft:cornflower":3,"minecraft:jungle_trapdoor":1,"minecraft:elytra":8,"minecraft:flint_and_steel":2,"minecraft:netherite_scrap":14,"minecraft:white_carpet":96,"minecraft:compass":12,"minecraft:iron_shovel":1,"minecraft:cracked_stone_bricks":26,"minecraft:netherite_sword":2,"minecraft:deepslate_diamond_ore":10,"minecraft:beef":12,"minecraft:jungle_sapling":9,"minecraft:poppy":7,"minecraft:spruce_slab":2,"minecraft:minecart":101,"minecraft:guster_pottery_sherd":2,"minecraft:chest":63,"minecraft:birch_sapling":2,"minecraft:piston":13,"minecraft:egg":2,"minecraft:copper_ore":3,"minecraft:sandstone":54,"minecraft:stone":533,"minecraft:carrot":2186,"minecraft:redstone":574,"minecraft:music_disc_creator_music_box":4,"minecraft:jungle_sign":1,"minecraft:tnt":7,"minecraft:diamond_chestplate":2,"minecraft:decorated_pot":2,"minecraft:beetroot_seeds":7,"minecraft:hay_block":5,"minecraft:shears":3,"minecraft:diamond_boots":4,"minecraft:purpur_slab":2,"minecraft:gold_ingot":21,"minecraft:totem_of_undying":20,"minecraft:tuff_bricks":5,"minecraft:white_shulker_box":13,"minecraft:mutton":7,"minecraft:white_wool":4,"minecraft:rail":138,"minecraft:emerald_ore":1,"minecraft:oxeye_daisy":1,"minecraft:yellow_shulker_box":33,"minecraft:tripwire_hook":3,"minecraft:purpur_stairs":4,"minecraft:oak_log":114,"minecraft:ancient_debris":12,"minecraft:jungle_button":2,"minecraft:paper":64,"minecraft:white_banner":23,"minecraft:stone_bricks":1,"minecraft:kelp":2025,"minecraft:oak_fence_gate":3,"minecraft:glass_bottle":3,"minecraft:gravel":41,"minecraft:spruce_sapling":49,"minecraft:spruce_log":828,"minecraft:polished_tuff":1,"minecraft:dragon_egg":2,"minecraft:firework_rocket":458,"minecraft:diamond_shovel":3,"minecraft:slime_ball":118,"minecraft:redstone_ore":1,"minecraft:diamond_axe":4,"minecraft:deepslate_redstone_ore":1,"minecraft:warped_roots":1,"minecraft:baked_potato":40,"minecraft:crimson_nylium":3,"minecraft:ender_pearl":64,"minecraft:hopper":69,"minecraft:shulker_shell":42,"minecraft:wheat":16,"minecraft:redstone_block":4,"minecraft:ender_chest":29,"minecraft:nether_brick_fence":1,"minecraft:light_gray_shulker_box":3,"minecraft:sentry_armor_trim_smithing_template":1,"minecraft:turtle_egg":8,"minecraft:potion":15,"minecraft:stone_brick_stairs":3,"minecraft:red_candle":6,"minecraft:netherite_ingot":8,"minecraft:zombie_head":4,"minecraft:pink_shulker_box":16,"minecraft:black_shulker_box":14,"minecraft:smooth_stone":1,"minecraft:comparator":12,"minecraft:bucket":17,"minecraft:redstone_torch":27,"minecraft:cobblestone_slab":3,"minecraft:calcite":9,"minecraft:deepslate_iron_ore":1,"minecraft:iron_boots":4,"minecraft:furnace":3,"minecraft:tipped_arrow":16,"minecraft:stick":46,"minecraft:orange_shulker_box":9,"minecraft:torch":67,"minecraft:porkchop":18,"minecraft:dried_kelp":3,"minecraft:diorite":78,"minecraft:rotten_flesh":1110,"minecraft:obsidian":129,"minecraft:cobblestone":1016,"minecraft:nautilus_shell":5,"minecraft:leather_chestplate":1,"minecraft:repeater":27,"minecraft:andesite":49,"minecraft:golden_leggings":2,"minecraft:beacon":2,"minecraft:potato":599,"minecraft:tuff":153,"minecraft:wither_skeleton_skull":3,"minecraft:lapis_lazuli":74,"minecraft:dirt":2231,"minecraft:name_tag":14,"minecraft:glass":1413,"minecraft:bone":132,"minecraft:bow":2,"minecraft:wheat_seeds":181,"minecraft:raw_gold":15,"minecraft:cobbled_deepslate_slab":616,"minecraft:bell":1,"minecraft:grindstone":3,"minecraft:bamboo":635,"minecraft:powered_rail":11,"minecraft:oak_planks":25,"minecraft:poisonous_potato":7,"minecraft:sand":5246,"minecraft:jungle_planks":34,"minecraft:nether_brick_stairs":1,"minecraft:grass_block":2,"minecraft:jungle_slab":12,"minecraft:shulker_box":93,"minecraft:mossy_cobblestone":1,"minecraft:sugar":14,"minecraft:diamond":149,"minecraft:crossbow":24,"minecraft:breeze_rod":30,"minecraft:bone_meal":1,"minecraft:spruce_sign":1,"minecraft:emerald":332,"minecraft:oak_sapling":3,"minecraft:netherrack":3408,"minecraft:nether_star":1,"minecraft:fishing_rod":1,"minecraft:azure_bluet":2,"minecraft:splash_potion":1,"minecraft:chicken":2,"minecraft:gold_block":38,"minecraft:brick":55,"minecraft:shield":2,"minecraft:oak_trapdoor":11,"minecraft:iron_axe":10,"minecraft:item_frame":3,"minecraft:blackstone":64,"minecraft:spire_armor_trim_smithing_template":5,"minecraft:oak_boat":1,"minecraft:observer":17,"minecraft:lectern":261,"minecraft:blue_shulker_box":3,"minecraft:sugar_cane":938,"minecraft:raw_iron":79,"minecraft:end_stone":10,"minecraft:copper_ingot":28,"minecraft:cookie":64,"minecraft:trident":4,"minecraft:dark_oak_planks":4,"minecraft:weeping_vines":3,"minecraft:arrow":133,"minecraft:red_shulker_box":8,"minecraft:pumpkin_pie":1,"minecraft:nether_bricks":46,"minecraft:saddle":17,"minecraft:skeleton_skull":2,"minecraft:jungle_boat":5,"minecraft:golden_carrot":38,"minecraft:salmon":6,"minecraft:leather":10,"minecraft:nether_wart_block":9,"minecraft:gunpowder":35,"minecraft:red_carpet":18,"minecraft:iron_ingot":74,"minecraft:cooked_chicken":6,"minecraft:soul_sand":13,"minecraft:book":379,"minecraft:oak_slab":30,"minecraft:scaffolding":560,"minecraft:nether_quartz_ore":1,"minecraft:pumpkin":8,"minecraft:quartz":139,"minecraft:dandelion":11,"minecraft:lava_bucket":2,"minecraft:blast_furnace":1,"minecraft:white_bed":51,"minecraft:spider_eye":149,"minecraft:dried_kelp_block":819,"minecraft:iron_helmet":7,"minecraft:netherite_hoe":1,"minecraft:coal":228},"minecraft:killed":{"minecraft:cod":1,"minecraft:shulker":54,"minecraft:skeleton":46,"minecraft:salmon":11,"minecraft:iron_golem":3,"minecraft:ender_dragon":1,"minecraft:pillager":122,"minecraft:zombie":64,"minecraft:cow":7,"minecraft:evoker":21,"minecraft:endermite":1,"minecraft:vindicator":78,"minecraft:horse":1,"minecraft:ravager":14,"minecraft:breeze":4,"minecraft:enderman":36,"minecraft:zombified_piglin":6,"minecraft:witch":10,"minecraft:spider":45,"minecraft:wither":1,"minecraft:silverfish":5,"minecraft:piglin":8,"minecraft:pig":9,"minecraft:zombie_villager":2,"minecraft:creeper":12,"minecraft:sheep":7,"minecraft:blaze":23,"minecraft:vex":16,"minecraft:slime":69,"minecraft:drowned":149,"minecraft:hoglin":2,"minecraft:squid":4,"minecraft:wither_skeleton":4,"minecraft:villager":1}},"DataVersion":3953}