{"stats":{"minecraft:dropped":{"minecraft:wheat_seeds":5,"minecraft:string":11},"minecraft:picked_up":{"minecraft:wheat_seeds":5,"minecraft:oak_log":7,"minecraft:string":2733},"minecraft:mined":{"minecraft:short_grass":25,"minecraft:oak_log":7,"minecraft:tall_grass":5,"minecraft:birch_leaves":2,"minecraft:oak_leaves":2},"minecraft:custom":{"minecraft:time_since_rest":9109,"minecraft:open_chest":22,"minecraft:crouch_one_cm":1209,"minecraft:play_time":9109,"minecraft:sprint_one_cm":18511,"minecraft:damage_taken":287,"minecraft:walk_one_cm":13456,"minecraft:sneak_time":366,"minecraft:drop":7,"minecraft:jump":112,"minecraft:damage_dealt":21,"minecraft:leave_game":1,"minecraft:walk_on_water_one_cm":5871,"minecraft:time_since_death":9109,"minecraft:traded_with_villager":44,"minecraft:total_world_time":9109,"minecraft:climb_one_cm":2969,"minecraft:interact_with_crafting_table":1,"minecraft:talked_to_villager":24,"minecraft:fall_one_cm":5061,"minecraft:fly_one_cm":24097},"minecraft:used":{"minecraft:mutton":5,"minecraft:chainmail_boots":1,"minecraft:porkchop":5,"minecraft:string":1,"minecraft:iron_helmet":1,"minecraft:iron_leggings":1},"minecraft:crafted":{"minecraft:oak_planks":28,"minecraft:emerald":43,"minecraft:stick":4,"minecraft:iron_pickaxe":1,"minecraft:diamond_chestplate":1,"minecraft:air":0}},"DataVersion":3953}