{"stats":{"minecraft:used":{"minecraft:string":1,"minecraft:iron_pickaxe":11,"minecraft:iron_helmet":1,"minecraft:mutton":6,"minecraft:beef":4,"minecraft:chainmail_boots":1,"minecraft:porkchop":5,"minecraft:iron_leggings":1},"minecraft:picked_up":{"minecraft:wheat":24,"minecraft:leather":2,"minecraft:oak_log":7,"minecraft:string":2733,"minecraft:wheat_seeds":80,"minecraft:beef":7},"minecraft:mined":{"minecraft:wheat":39,"minecraft:birch_leaves":2,"minecraft:short_grass":25,"minecraft:oak_log":7,"minecraft:tall_grass":5,"minecraft:oak_leaves":2,"minecraft:wall_torch":1},"minecraft:dropped":{"minecraft:wheat_seeds":5,"minecraft:string":11},"minecraft:custom":{"minecraft:time_since_rest":12553,"minecraft:sprint_one_cm":37923,"minecraft:damage_taken":387,"minecraft:walk_one_cm":18801,"minecraft:mob_kills":4,"minecraft:drop":7,"minecraft:animals_bred":1,"minecraft:damage_dealt":453,"minecraft:traded_with_villager":44,"minecraft:talked_to_villager":24,"minecraft:interact_with_crafting_table":1,"minecraft:fly_one_cm":61250,"minecraft:open_chest":42,"minecraft:crouch_one_cm":1209,"minecraft:play_time":12553,"minecraft:sneak_time":385,"minecraft:jump":273,"minecraft:leave_game":2,"minecraft:walk_on_water_one_cm":5871,"minecraft:time_since_death":12553,"minecraft:climb_one_cm":4375,"minecraft:total_world_time":12553,"minecraft:fall_one_cm":9880},"minecraft:killed":{"minecraft:cow":4},"minecraft:crafted":{"minecraft:oak_planks":28,"minecraft:emerald":43,"minecraft:stick":4,"minecraft:iron_pickaxe":1,"minecraft:diamond_chestplate":1,"minecraft:air":0}},"DataVersion":3953}