{"stats":{"minecraft:broken":{"minecraft:iron_hoe":1,"minecraft:iron_pickaxe":2},"minecraft:mined":{"minecraft:dragon_wall_head":1,"minecraft:white_bed":13,"minecraft:jungle_leaves":3,"minecraft:obsidian":44,"minecraft:granite":31,"minecraft:jungle_log":69,"minecraft:chiseled_tuff_bricks":1,"minecraft:hopper":5,"minecraft:crimson_fungus":1,"minecraft:nether_wart":35,"minecraft:oxeye_daisy":3,"minecraft:spawner":1,"minecraft:weeping_vines_plant":17,"minecraft:tall_seagrass":19,"minecraft:magma_block":2576,"minecraft:cobbled_deepslate":1,"minecraft:fire":62,"minecraft:barrel":6,"minecraft:pumpkin":8,"minecraft:deepslate_lapis_ore":11,"minecraft:dirt_path":1,"minecraft:oak_stairs":1,"minecraft:tripwire":38,"minecraft:red_bed":1,"minecraft:kelp_plant":334,"minecraft:crimson_nylium":90,"minecraft:blast_furnace":13,"minecraft:glass":1,"minecraft:sugar_cane":321,"minecraft:bricks":1,"minecraft:wheat":41,"minecraft:magenta_bed":1,"minecraft:waxed_copper_block":2,"minecraft:piston":10,"minecraft:deepslate":2484,"minecraft:suspicious_gravel":2,"minecraft:pink_shulker_box":71,"minecraft:mossy_cobblestone":2,"minecraft:shulker_box":66,"minecraft:nether_bricks":49,"minecraft:cobbled_deepslate_slab":21,"minecraft:jungle_planks":20,"minecraft:crimson_roots":29,"minecraft:redstone_wire":21,"minecraft:kelp":27,"minecraft:redstone_ore":14,"minecraft:jungle_sapling":1,"minecraft:andesite":28,"minecraft:chiseled_tuff":1,"minecraft:potatoes":206,"minecraft:cobblestone_slab":1,"minecraft:vine":18,"minecraft:rail":77,"minecraft:ender_chest":19,"minecraft:smithing_table":1,"minecraft:oak_slab":9,"minecraft:soul_sand":75,"minecraft:dandelion":1,"minecraft:short_grass":94,"minecraft:dropper":11,"minecraft:purpur_pillar":4,"minecraft:tall_grass":22,"minecraft:copper_ore":8,"minecraft:deepslate_gold_ore":81,"minecraft:diorite":59,"minecraft:red_terracotta":7,"minecraft:spruce_log":445,"minecraft:birch_leaves":3,"minecraft:gravel":171,"minecraft:cobweb":10,"minecraft:spruce_planks":6,"minecraft:farmland":2,"minecraft:jungle_slab":40,"minecraft:brewing_stand":1,"minecraft:grass_block":565,"minecraft:soul_soil":5,"minecraft:tuff_bricks":13,"minecraft:glowstone":13,"minecraft:iron_ore":49,"minecraft:polished_tuff":2,"minecraft:anvil":5,"minecraft:azure_bluet":4,"minecraft:end_stone_bricks":1,"minecraft:green_bed":1,"minecraft:deepslate_redstone_ore":37,"minecraft:blackstone":224,"minecraft:poppy":20,"minecraft:chest":48,"minecraft:nether_quartz_ore":325,"minecraft:cobblestone":192,"minecraft:grindstone":2,"minecraft:oak_planks":37,"minecraft:waxed_chiseled_copper":1,"minecraft:deepslate_copper_ore":3,"minecraft:seagrass":25,"minecraft:nether_wart_block":204,"minecraft:birch_log":5,"minecraft:purpur_block":8,"minecraft:oak_log":39,"minecraft:beetroots":1,"minecraft:sand":1596,"minecraft:dirt":618,"minecraft:crimson_planks":9,"minecraft:tripwire_hook":4,"minecraft:wither_skeleton_skull":1,"minecraft:netherrack":15298,"minecraft:ancient_debris":163,"minecraft:oak_leaves":11,"minecraft:nether_gold_ore":45,"minecraft:diamond_ore":3,"minecraft:tuff":256,"minecraft:deepslate_diamond_ore":376,"minecraft:lever":5,"minecraft:decorated_pot":8,"minecraft:brick_stairs":1,"minecraft:weeping_vines":6,"minecraft:spruce_leaves":66,"minecraft:crimson_stem":127,"minecraft:spruce_sapling":15,"minecraft:furnace":14,"minecraft:carrots":88,"minecraft:nether_brick_fence":10,"minecraft:bookshelf":138,"minecraft:shroomlight":8,"minecraft:stripped_oak_log":8,"minecraft:stone":750,"minecraft:scaffolding":24,"minecraft:magenta_stained_glass":3,"minecraft:basalt":186,"minecraft:crafting_table":9,"minecraft:lectern":332,"minecraft:blue_bed":1,"minecraft:bee_nest":1,"minecraft:yellow_bed":1,"minecraft:coal_ore":82,"minecraft:end_rod":2,"minecraft:flower_pot":1},"minecraft:killed_by":{"minecraft:piglin_brute":1,"minecraft:zombie":2,"minecraft:vex":1,"minecraft:piglin":1},"minecraft:custom":{"minecraft:interact_with_crafting_table":194,"minecraft:open_barrel":12,"minecraft:bell_ring":15,"minecraft:leave_game":52,"minecraft:time_since_death":480008,"minecraft:damage_blocked_by_shield":3010,"minecraft:play_time":1588750,"minecraft:deaths":14,"minecraft:jump":19170,"minecraft:interact_with_furnace":193,"minecraft:traded_with_villager":4599,"minecraft:sleep_in_bed":80,"minecraft:damage_dealt":74125,"minecraft:interact_with_smoker":17,"minecraft:inspect_dispenser":9,"minecraft:interact_with_smithing_table":24,"minecraft:inspect_dropper":10,"minecraft:interact_with_anvil":88,"minecraft:inspect_hopper":64,"minecraft:sneak_time":61010,"minecraft:interact_with_blast_furnace":65,"minecraft:total_world_time":1588750,"minecraft:time_since_rest":6612,"minecraft:swim_one_cm":337232,"minecraft:fly_one_cm":3581887,"minecraft:open_chest":874,"minecraft:fall_one_cm":479985,"minecraft:animals_bred":6,"minecraft:open_shulker_box":299,"minecraft:sprint_one_cm":3246194,"minecraft:drop":783,"minecraft:talked_to_villager":1190,"minecraft:interact_with_brewingstand":63,"minecraft:walk_on_water_one_cm":245053,"minecraft:interact_with_loom":4,"minecraft:open_enderchest":256,"minecraft:player_kills":8,"minecraft:crouch_one_cm":156159,"minecraft:mob_kills":475,"minecraft:climb_one_cm":355740,"minecraft:walk_one_cm":2572505,"minecraft:raid_win":2,"minecraft:walk_under_water_one_cm":137915,"minecraft:boat_one_cm":4826,"minecraft:raid_trigger":2,"minecraft:interact_with_grindstone":1,"minecraft:damage_taken":27991,"minecraft:damage_absorbed":98,"minecraft:minecart_one_cm":2389,"minecraft:aviate_one_cm":10294801},"minecraft:used":{"minecraft:tuff_bricks":4,"minecraft:nether_brick_fence":3,"minecraft:elytra":54,"minecraft:chest":117,"minecraft:stone":20,"minecraft:rotten_flesh":1,"minecraft:soul_sand":30,"minecraft:jungle_slab":52,"minecraft:weeping_vines":5,"minecraft:jungle_sapling":3,"minecraft:lava_bucket":2,"minecraft:netherite_shovel":2165,"minecraft:netherite_hoe":60,"minecraft:netherite_boots":2,"minecraft:bow":162,"minecraft:ominous_bottle":3,"minecraft:furnace":53,"minecraft:egg":2,"minecraft:potato":229,"minecraft:diorite":34,"minecraft:blackstone":11,"minecraft:wooden_pickaxe":27,"minecraft:purpur_pillar":3,"minecraft:jungle_boat":4,"minecraft:cookie":10,"minecraft:golden_apple":1,"minecraft:sand":48,"minecraft:blast_furnace":15,"minecraft:netherite_helmet":2,"minecraft:lectern":342,"minecraft:nether_wart_block":104,"minecraft:diamond_sword":193,"minecraft:smithing_table":2,"minecraft:oak_trapdoor":1,"minecraft:trial_key":6,"minecraft:netherrack":775,"minecraft:torch":183,"minecraft:brewing_stand":2,"minecraft:anvil":8,"minecraft:ancient_debris":1,"minecraft:nether_quartz_ore":3,"minecraft:iron_axe":26,"minecraft:brick_stairs":1,"minecraft:totem_of_undying":4,"minecraft:barrel":8,"minecraft:diamond_chestplate":8,"minecraft:basalt":36,"minecraft:tripwire_hook":6,"minecraft:beef":2,"minecraft:cobbled_deepslate":93,"minecraft:observer":1,"minecraft:crimson_stem":16,"minecraft:wheat_seeds":125,"minecraft:water_bucket":153,"minecraft:rail":124,"minecraft:oak_slab":8,"minecraft:crafting_table":12,"minecraft:red_bed":1,"minecraft:white_bed":26,"minecraft:spruce_log":4,"minecraft:diamond_pickaxe":7801,"minecraft:ominous_trial_key":2,"minecraft:diamond_shovel":806,"minecraft:wind_charge":22,"minecraft:iron_pickaxe":601,"minecraft:suspicious_stew":5,"minecraft:spruce_sapling":63,"minecraft:cobblestone":389,"minecraft:potion":5,"minecraft:cooked_porkchop":2,"minecraft:brush":11,"minecraft:diamond_leggings":3,"minecraft:iron_shovel":35,"minecraft:diamond_hoe":13,"minecraft:shield":39,"minecraft:nether_wart":40,"minecraft:iron_chestplate":1,"minecraft:mutton":1,"minecraft:jungle_planks":77,"minecraft:nether_bricks":13,"minecraft:carrot":188,"minecraft:obsidian":25,"minecraft:glass":8,"minecraft:bricks":1,"minecraft:hopper_minecart":1,"minecraft:deepslate_diamond_ore":1,"minecraft:magma_block":2,"minecraft:scaffolding":199,"minecraft:end_rod":2,"minecraft:diamond_boots":2,"minecraft:dropper":11,"minecraft:wither_skeleton_skull":2,"minecraft:stone_pickaxe":111,"minecraft:oak_planks":33,"minecraft:sugar_cane":89,"minecraft:diamond_axe":465,"minecraft:blue_bed":1,"minecraft:netherite_leggings":2,"minecraft:loom":1,"minecraft:crossbow":3,"minecraft:shears":36,"minecraft:lever":6,"minecraft:firework_rocket":392,"minecraft:string":103,"minecraft:bread":119,"minecraft:gravel":3,"minecraft:grindstone":2,"minecraft:andesite":15,"minecraft:bone_meal":93,"minecraft:purpur_block":2,"minecraft:netherite_sword":1031,"minecraft:flint_and_steel":14,"minecraft:redstone":20,"minecraft:spruce_planks":9,"minecraft:ender_chest":15,"minecraft:stone_hoe":2,"minecraft:dirt":743,"minecraft:hopper":75,"minecraft:diamond_helmet":4,"minecraft:shulker_box":67,"minecraft:bee_nest":1,"minecraft:iron_hoe":282,"minecraft:wooden_axe":30,"minecraft:bookshelf":25,"minecraft:crimson_planks":159,"minecraft:golden_carrot":164,"minecraft:netherite_pickaxe":15495,"minecraft:minecart":17,"minecraft:iron_leggings":1,"minecraft:glass_bottle":36,"minecraft:netherite_chestplate":47,"minecraft:baked_potato":122,"minecraft:green_bed":1,"minecraft:magenta_bed":1,"minecraft:smoker":1,"minecraft:nether_gold_ore":3,"minecraft:piston":16,"minecraft:apple":24,"minecraft:netherite_axe":1072,"minecraft:cobbled_deepslate_slab":405,"minecraft:white_banner":3,"minecraft:pink_shulker_box":72,"minecraft:bucket":164,"minecraft:yellow_bed":1,"minecraft:pumpkin_pie":11,"minecraft:smooth_stone":1},"minecraft:dropped":{"minecraft:piston":2,"minecraft:lapis_lazuli":50,"minecraft:cooked_beef":6,"minecraft:glass_bottle":9,"minecraft:diamond":106,"minecraft:cooked_porkchop":10,"minecraft:weeping_vines":1,"minecraft:crossbow":3,"minecraft:cookie":220,"minecraft:elytra":3,"minecraft:rail":28,"minecraft:music_disc_creator_music_box":1,"minecraft:item_frame":4,"minecraft:emerald":233,"minecraft:dirt":740,"minecraft:gold_nugget":20,"minecraft:bone_meal":1,"minecraft:sand":319,"minecraft:sugar":3,"minecraft:iron_pickaxe":4,"minecraft:white_wool":5,"minecraft:bone":84,"minecraft:sugar_cane":11,"minecraft:cooked_chicken":3,"minecraft:cobbled_deepslate":788,"minecraft:birch_sapling":1,"minecraft:netherite_sword":4,"minecraft:wheat":2,"minecraft:obsidian":33,"minecraft:rotten_flesh":55,"minecraft:oak_planks":48,"minecraft:glowstone_dust":5,"minecraft:nether_brick_fence":10,"minecraft:azure_bluet":1,"minecraft:white_bed":1,"minecraft:salmon":2,"minecraft:tipped_arrow":14,"minecraft:red_candle":3,"minecraft:hopper":29,"minecraft:glass":2,"minecraft:lectern":2,"minecraft:cartography_table":1,"minecraft:enchanted_book":1,"minecraft:iron_ingot":138,"minecraft:netherite_pickaxe":2,"minecraft:black_dye":9,"minecraft:wheat_seeds":97,"minecraft:book":6,"minecraft:cobblestone":231,"minecraft:iron_helmet":1,"minecraft:apple":128,"minecraft:granite":6,"minecraft:spruce_button":16,"minecraft:coal":42,"minecraft:jungle_slab":15,"minecraft:diamond_helmet":1,"minecraft:potion":7,"minecraft:pumpkin":8,"minecraft:jungle_boat":1,"minecraft:paper":96,"minecraft:string":1497,"minecraft:spruce_sapling":1,"minecraft:furnace":2,"minecraft:purpur_pillar":3,"minecraft:soul_soil":4,"minecraft:netherite_ingot":16,"minecraft:stone_sword":2,"minecraft:bowl":5,"minecraft:deepslate":1,"minecraft:iron_boots":2,"minecraft:cobbled_deepslate_slab":775,"minecraft:nether_bricks":59,"minecraft:oak_sign":1,"minecraft:shears":4,"minecraft:suspicious_stew":7,"minecraft:diamond_sword":4,"minecraft:potato":113,"minecraft:stone":12,"minecraft:flower_pot":1,"minecraft:spruce_planks":9,"minecraft:diamond_pickaxe":3,"minecraft:redstone_torch":8,"minecraft:spider_eye":137,"minecraft:stone_bricks":32,"minecraft:bamboo":3,"minecraft:light_gray_dye":12,"minecraft:bow":3,"minecraft:magma_block":1,"minecraft:crimson_nylium":11,"minecraft:diamond_axe":4,"minecraft:oak_log":42,"minecraft:baked_potato":42,"minecraft:netherite_upgrade_smithing_template":16,"minecraft:leather":7,"minecraft:jungle_planks":43,"minecraft:flint":38,"minecraft:netherite_scrap":25,"minecraft:brush":1,"minecraft:dispenser":13,"minecraft:cornflower":1,"minecraft:crimson_roots":9,"minecraft:seagrass":3,"minecraft:pumpkin_pie":124,"minecraft:gold_ingot":15,"minecraft:gravel":58,"minecraft:purpur_block":30,"minecraft:blackstone":105,"minecraft:diamond_shovel":1,"minecraft:honey_bottle":2,"minecraft:carrot":41,"minecraft:shulker_shell":1,"minecraft:poppy":7,"minecraft:gunpowder":11,"minecraft:beetroot_seeds":3,"minecraft:chest":3,"minecraft:spire_armor_trim_smithing_template":11,"minecraft:basalt":38,"minecraft:arrow":93,"minecraft:scaffolding":87,"minecraft:quartz":183,"minecraft:netherrack":4106,"minecraft:firework_rocket":83,"minecraft:water_bucket":6,"minecraft:stone_hoe":26,"minecraft:bread":567,"minecraft:oak_slab":1,"minecraft:mossy_cobblestone":1,"minecraft:minecart":1,"minecraft:diamond_leggings":1,"minecraft:poisonous_potato":5,"minecraft:lead":2,"minecraft:observer":13,"minecraft:hopper_minecart":2,"minecraft:ominous_trial_key":1,"minecraft:grass_block":1,"minecraft:stick":167,"minecraft:iron_block":1,"minecraft:diorite":1,"minecraft:nether_gold_ore":6,"minecraft:brewing_stand":1,"minecraft:torch":9,"minecraft:nether_wart_block":4,"minecraft:fire_charge":2,"minecraft:iron_axe":6,"minecraft:bucket":16,"minecraft:dandelion":1,"minecraft:redstone":103,"minecraft:oak_trapdoor":1,"minecraft:raw_copper":6,"minecraft:tuff":169,"minecraft:composter":1,"minecraft:raw_iron":7,"minecraft:wither_skeleton_skull":1,"minecraft:totem_of_undying":1,"minecraft:shulker_box":1,"minecraft:red_terracotta":7,"minecraft:flint_and_steel":2,"minecraft:diamond_chestplate":4,"minecraft:iron_chestplate":1,"minecraft:andesite":7,"minecraft:golden_leggings":2,"minecraft:golden_sword":2,"minecraft:diamond_boots":3,"minecraft:spruce_log":6,"minecraft:wooden_pickaxe":1,"minecraft:raw_gold":4,"minecraft:nether_quartz_ore":6,"minecraft:brick":30},"minecraft:crafted":{"minecraft:black_dye":12,"minecraft:smooth_stone":12,"minecraft:blaze_powder":4,"minecraft:loom":1,"minecraft:lever":1,"minecraft:diamond_shovel":4,"minecraft:bookshelf":32,"minecraft:shulker_box":13,"minecraft:glass":72,"minecraft:diamond_helmet":3,"minecraft:diamond_leggings":3,"minecraft:glass_bottle":63,"minecraft:emerald":4178,"minecraft:cooked_porkchop":3,"minecraft:diamond_axe":7,"minecraft:jungle_boat":1,"minecraft:smithing_table":1,"minecraft:copper_ingot":52,"minecraft:lectern":8,"minecraft:iron_pickaxe":6,"minecraft:iron_block":9,"minecraft:gold_ingot":139,"minecraft:light_gray_dye":6,"minecraft:netherite_ingot":26,"minecraft:golden_carrot":217,"minecraft:diamond_hoe":2,"minecraft:bone_meal":510,"minecraft:pink_dye":74,"minecraft:stone_pickaxe":1,"minecraft:diamond_boots":4,"minecraft:enchanted_book":59,"minecraft:jungle_slab":48,"minecraft:wooden_axe":1,"minecraft:iron_shovel":1,"minecraft:iron_leggings":1,"minecraft:white_bed":29,"minecraft:oak_planks":184,"minecraft:pink_shulker_box":13,"minecraft:stone":16,"minecraft:suspicious_stew":12,"minecraft:hopper":101,"minecraft:bow":14,"minecraft:iron_boots":1,"minecraft:chest":182,"minecraft:rail":48,"minecraft:stone_hoe":24,"minecraft:spire_armor_trim_smithing_template":14,"minecraft:smoker":1,"minecraft:dropper":6,"minecraft:crafting_table":4,"minecraft:spruce_planks":1248,"minecraft:iron_helmet":2,"minecraft:wooden_pickaxe":2,"minecraft:baked_potato":228,"minecraft:brush":4,"minecraft:hopper_minecart":2,"minecraft:birch_planks":20,"minecraft:brewing_stand":2,"minecraft:dispenser":13,"minecraft:tnt":16,"minecraft:apple":192,"minecraft:iron_chestplate":2,"minecraft:paper":498,"minecraft:charcoal":207,"minecraft:diamond_pickaxe":18,"minecraft:shield":4,"minecraft:stick":428,"minecraft:iron_ingot":42,"minecraft:redstone_torch":13,"minecraft:shears":4,"minecraft:cobbled_deepslate_slab":936,"minecraft:cookie":216,"minecraft:spruce_button":16,"minecraft:furnace":44,"minecraft:blast_furnace":2,"minecraft:piston":7,"minecraft:netherite_chestplate":1,"minecraft:iron_axe":1,"minecraft:iron_hoe":1,"minecraft:netherite_scrap":87,"minecraft:minecart":4,"minecraft:observer":14,"minecraft:red_dye":19,"minecraft:crimson_planks":428,"minecraft:diamond_sword":2,"minecraft:bucket":23,"minecraft:air":0,"minecraft:bread":564,"minecraft:jungle_planks":712,"minecraft:white_wool":128,"minecraft:white_dye":64,"minecraft:anvil":3,"minecraft:pink_banner":1,"minecraft:pumpkin_pie":96,"minecraft:torch":312,"minecraft:diamond_chestplate":4,"minecraft:firework_rocket":1017},"minecraft:picked_up":{"minecraft:wooden_axe":1,"minecraft:seagrass":3,"minecraft:iron_chestplate":1,"minecraft:flower_pot":1,"minecraft:anvil":5,"minecraft:smithing_table":1,"minecraft:lead":4,"minecraft:diamond_sword":5,"minecraft:enchanted_book":11,"minecraft:brewing_stand":1,"minecraft:golden_sword":2,"minecraft:string":19468,"minecraft:soul_soil":4,"minecraft:shroomlight":7,"minecraft:beetroot":1,"minecraft:diamond_leggings":5,"minecraft:gold_nugget":130,"minecraft:cobbled_deepslate":1836,"minecraft:spruce_planks":6,"minecraft:trial_key":7,"minecraft:netherite_upgrade_smithing_template":1,"minecraft:composter":1,"minecraft:purpur_pillar":6,"minecraft:green_bed":1,"minecraft:black_dye":9,"minecraft:stone_sword":2,"minecraft:honey_bottle":2,"minecraft:iron_block":1,"minecraft:end_rod":3,"minecraft:netherite_chestplate":3,"minecraft:blaze_rod":14,"minecraft:birch_log":10,"minecraft:magma_block":2365,"minecraft:feather":4,"minecraft:cooked_beef":6,"minecraft:water_bucket":10,"minecraft:jungle_log":187,"minecraft:flint":39,"minecraft:magenta_bed":1,"minecraft:netherite_leggings":3,"minecraft:guster_banner_pattern":1,"minecraft:diamond_helmet":8,"minecraft:glowstone_dust":51,"minecraft:dropper":11,"minecraft:ink_sac":12,"minecraft:red_terracotta":7,"minecraft:barrel":7,"minecraft:deepslate":1,"minecraft:lever":5,"minecraft:granite":41,"minecraft:bread":201,"minecraft:bricks":1,"minecraft:ominous_trial_key":3,"minecraft:diamond_pickaxe":6,"minecraft:crimson_roots":38,"minecraft:crafting_table":11,"minecraft:bee_nest":1,"minecraft:ominous_bottle":4,"minecraft:nether_wart":143,"minecraft:music_disc_creator":1,"minecraft:purpur_block":8,"minecraft:wind_charge":22,"minecraft:cornflower":1,"minecraft:red_bed":1,"minecraft:elytra":13,"minecraft:flint_and_steel":2,"minecraft:netherite_scrap":147,"minecraft:iron_shovel":1,"minecraft:cartography_table":1,"minecraft:netherite_sword":8,"minecraft:deepslate_diamond_ore":1,"minecraft:beef":3,"minecraft:chiseled_tuff":1,"minecraft:jungle_sapling":6,"minecraft:poppy":35,"minecraft:minecart":19,"minecraft:chest":55,"minecraft:birch_sapling":1,"minecraft:piston":13,"minecraft:diamond_hoe":3,"minecraft:egg":2,"minecraft:stone":32,"minecraft:fire_charge":2,"minecraft:carrot":353,"minecraft:redstone":457,"minecraft:netherite_pickaxe":8,"minecraft:music_disc_creator_music_box":1,"minecraft:diamond_chestplate":7,"minecraft:beetroot_seeds":3,"minecraft:shears":1,"minecraft:diamond_boots":5,"minecraft:flow_armor_trim_smithing_template":1,"minecraft:gold_ingot":27,"minecraft:totem_of_undying":9,"minecraft:tuff_bricks":12,"minecraft:mutton":11,"minecraft:white_wool":17,"minecraft:rail":91,"minecraft:oxeye_daisy":3,"minecraft:stripped_oak_log":8,"minecraft:tripwire_hook":6,"minecraft:oak_log":44,"minecraft:ancient_debris":245,"minecraft:golden_boots":1,"minecraft:blue_bed":1,"minecraft:paper":82,"minecraft:white_banner":11,"minecraft:apple":24,"minecraft:stone_bricks":32,"minecraft:kelp":825,"minecraft:stone_pickaxe":2,"minecraft:glass_bottle":6,"minecraft:gravel":114,"minecraft:spruce_sapling":64,"minecraft:spruce_log":668,"minecraft:polished_tuff":2,"minecraft:dragon_egg":1,"minecraft:diamond_shovel":6,"minecraft:firework_rocket":488,"minecraft:slime_ball":170,"minecraft:diamond_axe":8,"minecraft:baked_potato":205,"minecraft:crimson_nylium":11,"minecraft:hopper":5,"minecraft:ender_pearl":9,"minecraft:shulker_shell":28,"minecraft:wheat":79,"minecraft:nether_brick_fence":13,"minecraft:ender_chest":20,"minecraft:potion":12,"minecraft:crimson_planks":114,"minecraft:raw_copper":67,"minecraft:iron_leggings":2,"minecraft:red_candle":3,"minecraft:netherite_ingot":2,"minecraft:pink_shulker_box":72,"minecraft:oak_sign":1,"minecraft:smooth_stone":1,"minecraft:bucket":2,"minecraft:eye_armor_trim_smithing_template":3,"minecraft:cobblestone_slab":2,"minecraft:ender_eye":2,"minecraft:iron_pickaxe":3,"minecraft:furnace":17,"minecraft:tipped_arrow":62,"minecraft:stick":50,"minecraft:torch":8,"minecraft:porkchop":25,"minecraft:netherite_shovel":1,"minecraft:diorite":65,"minecraft:nether_gold_ore":9,"minecraft:rotten_flesh":66,"minecraft:obsidian":96,"minecraft:cobblestone":1315,"minecraft:magma_cream":24,"minecraft:andesite":22,"minecraft:golden_leggings":2,"minecraft:potato":843,"minecraft:tuff":180,"minecraft:wither_skeleton_skull":3,"minecraft:lapis_lazuli":143,"minecraft:dirt":1164,"minecraft:glass":1,"minecraft:bone":129,"minecraft:bow":6,"minecraft:wheat_seeds":265,"minecraft:raw_gold":174,"minecraft:cobbled_deepslate_slab":371,"minecraft:grindstone":2,"minecraft:netherite_axe":3,"minecraft:bamboo":3,"minecraft:oak_planks":53,"minecraft:stone_hoe":2,"minecraft:scrape_pottery_sherd":3,"minecraft:cooked_porkchop":14,"minecraft:poisonous_potato":5,"minecraft:waxed_chiseled_copper":1,"minecraft:sand":1857,"minecraft:jungle_planks":310,"minecraft:grass_block":1,"minecraft:jungle_slab":51,"minecraft:shulker_box":68,"minecraft:mossy_cobblestone":1,"minecraft:sugar":1,"minecraft:diamond":889,"minecraft:netherite_helmet":3,"minecraft:crossbow":3,"minecraft:breeze_rod":21,"minecraft:bone_meal":1,"minecraft:golden_apple":4,"minecraft:emerald":220,"minecraft:oak_sapling":1,"minecraft:netherrack":6415,"minecraft:azure_bluet":5,"minecraft:wooden_pickaxe":1,"minecraft:pink_wool":6,"minecraft:diamond_horse_armor":1,"minecraft:brick":30,"minecraft:shield":6,"minecraft:oak_trapdoor":2,"minecraft:iron_axe":6,"minecraft:item_frame":6,"minecraft:blackstone":244,"minecraft:spire_armor_trim_smithing_template":6,"minecraft:lectern":336,"minecraft:sugar_cane":620,"minecraft:raw_iron":67,"minecraft:cookie":4,"minecraft:weeping_vines":24,"minecraft:arrow":330,"minecraft:pumpkin_pie":39,"minecraft:nether_bricks":72,"minecraft:saddle":6,"minecraft:brick_stairs":1,"minecraft:netherite_boots":3,"minecraft:jungle_boat":4,"minecraft:basalt":74,"minecraft:golden_carrot":86,"minecraft:crimson_stem":123,"minecraft:salmon":2,"minecraft:leather":10,"minecraft:crimson_fungus":8,"minecraft:waxed_copper_block":2,"minecraft:yellow_bed":3,"minecraft:nether_wart_block":296,"minecraft:gunpowder":4,"minecraft:iron_ingot":178,"minecraft:cooked_chicken":3,"minecraft:soul_sand":64,"minecraft:book":449,"minecraft:scaffolding":161,"minecraft:oak_slab":9,"minecraft:nether_quartz_ore":9,"minecraft:pumpkin":8,"minecraft:quartz":343,"minecraft:dandelion":4,"minecraft:blast_furnace":13,"minecraft:white_bed":17,"minecraft:spider_eye":137,"minecraft:iron_helmet":1,"minecraft:chiseled_tuff_bricks":1,"minecraft:coal":457},"minecraft:killed":{"minecraft:shulker":48,"minecraft:skeleton":33,"minecraft:chicken":1,"minecraft:cat":1,"minecraft:magma_cube":47,"minecraft:iron_golem":4,"minecraft:pillager":22,"minecraft:zombie":22,"minecraft:cow":1,"minecraft:evoker":3,"minecraft:endermite":2,"minecraft:vindicator":23,"minecraft:horse":3,"minecraft:wandering_trader":3,"minecraft:ravager":3,"minecraft:breeze":4,"minecraft:enderman":1,"minecraft:zombified_piglin":2,"minecraft:witch":10,"minecraft:spider":40,"minecraft:turtle":1,"minecraft:piglin":12,"minecraft:pig":3,"minecraft:zombie_villager":1,"minecraft:creeper":4,"minecraft:sheep":12,"minecraft:trader_llama":6,"minecraft:blaze":6,"minecraft:vex":6,"minecraft:slime":83,"minecraft:hoglin":4,"minecraft:squid":4,"minecraft:wither_skeleton":11,"minecraft:villager":7}},"DataVersion":3953}