{"stats":{"minecraft:used":{"minecraft:tuff_bricks":4,"minecraft:water_bucket":46,"minecraft:diorite":25,"minecraft:iron_shovel":7,"minecraft:stone_pickaxe":111,"minecraft:wooden_pickaxe":14,"minecraft:chest":2,"minecraft:shield":4,"minecraft:rotten_flesh":1,"minecraft:dirt":13,"minecraft:crafting_table":6,"minecraft:wooden_axe":30,"minecraft:diamond_pickaxe":44,"minecraft:bread":12,"minecraft:iron_axe":11,"minecraft:iron_pickaxe":229,"minecraft:cobblestone":52,"minecraft:furnace":5,"minecraft:cooked_porkchop":1,"minecraft:bucket":46},"minecraft:crafted":{"minecraft:oak_planks":24,"minecraft:diamond_sword":1,"minecraft:cooked_porkchop":3,"minecraft:crafting_table":1,"minecraft:wooden_pickaxe":1,"minecraft:iron_helmet":1,"minecraft:furnace":2,"minecraft:birch_planks":20,"minecraft:air":0,"minecraft:iron_boots":1,"minecraft:iron_chestplate":1,"minecraft:diamond_pickaxe":1,"minecraft:shield":1,"minecraft:iron_axe":1,"minecraft:stick":16,"minecraft:iron_ingot":33,"minecraft:iron_pickaxe":1,"minecraft:stone_pickaxe":1,"minecraft:wooden_axe":1,"minecraft:chest":2,"minecraft:iron_shovel":1,"minecraft:iron_leggings":1,"minecraft:shears":1},"minecraft:mined":{"minecraft:diamond_ore":3,"minecraft:deepslate_diamond_ore":2,"minecraft:crafting_table":6,"minecraft:granite":22,"minecraft:short_grass":6,"minecraft:grass_block":4,"minecraft:cobblestone":4,"minecraft:chiseled_tuff_bricks":1,"minecraft:waxed_chiseled_copper":1,"minecraft:diorite":25,"minecraft:tuff_bricks":12,"minecraft:spawner":1,"minecraft:deepslate_copper_ore":2,"minecraft:furnace":5,"minecraft:birch_log":5,"minecraft:iron_ore":33,"minecraft:polished_tuff":2,"minecraft:andesite":5,"minecraft:birch_leaves":3,"minecraft:waxed_copper_block":2,"minecraft:chiseled_tuff":1,"minecraft:oak_log":6,"minecraft:coal_ore":15,"minecraft:dirt":18,"minecraft:stone":217,"minecraft:oak_leaves":9,"minecraft:deepslate":33},"minecraft:dropped":{"minecraft:wheat_seeds":1,"minecraft:rotten_flesh":5},"minecraft:picked_up":{"minecraft:wooden_axe":1,"minecraft:birch_log":10,"minecraft:crafting_table":8,"minecraft:wooden_pickaxe":1,"minecraft:enchanted_book":1,"minecraft:diamond_horse_armor":1,"minecraft:oak_log":8,"minecraft:waxed_copper_block":2,"minecraft:shield":1,"minecraft:dirt":40,"minecraft:iron_axe":1,"minecraft:raw_copper":9,"minecraft:iron_leggings":1,"minecraft:iron_shovel":1,"minecraft:wheat_seeds":1,"minecraft:cobbled_deepslate":33,"minecraft:iron_ingot":23,"minecraft:stone_pickaxe":1,"minecraft:chiseled_tuff":1,"minecraft:iron_pickaxe":1,"minecraft:oak_planks":2,"minecraft:furnace":8,"minecraft:stick":4,"minecraft:raw_iron":51,"minecraft:waxed_chiseled_copper":1,"minecraft:porkchop":3,"minecraft:diorite":31,"minecraft:polished_tuff":2,"minecraft:rotten_flesh":6,"minecraft:diamond":5,"minecraft:iron_helmet":1,"minecraft:granite":29,"minecraft:bread":9,"minecraft:tuff_bricks":12,"minecraft:coal":40,"minecraft:chiseled_tuff_bricks":1,"minecraft:white_wool":5,"minecraft:cobblestone":389},"minecraft:custom":{"minecraft:interact_with_furnace":17,"minecraft:mob_kills":10,"minecraft:interact_with_crafting_table":14,"minecraft:leave_game":4,"minecraft:time_since_death":6483,"minecraft:time_since_rest":6706,"minecraft:sprint_one_cm":74596,"minecraft:damage_taken":1465,"minecraft:walk_one_cm":56548,"minecraft:damage_blocked_by_shield":100,"minecraft:drop":2,"minecraft:damage_dealt":2158,"minecraft:swim_one_cm":12187,"minecraft:fly_one_cm":133158,"minecraft:open_chest":13,"minecraft:crouch_one_cm":2684,"minecraft:play_time":50842,"minecraft:deaths":3,"minecraft:sneak_time":2047,"minecraft:walk_under_water_one_cm":8657,"minecraft:jump":584,"minecraft:walk_on_water_one_cm":7663,"minecraft:total_world_time":50842,"minecraft:inspect_dispenser":1,"minecraft:fall_one_cm":17180},"minecraft:killed_by":{"minecraft:zombie":1},"minecraft:killed":{"minecraft:pig":2,"minecraft:zombie_villager":1,"minecraft:iron_golem":1,"minecraft:zombie":5}},"DataVersion":3953}