{"stats":{"minecraft:mined":{"minecraft:birch_leaves":1,"minecraft:oak_leaves":2},"minecraft:custom":{"minecraft:jump":53,"minecraft:time_since_rest":202,"minecraft:deaths":1,"minecraft:damage_dealt":200,"minecraft:crouch_one_cm":765,"minecraft:leave_game":2,"minecraft:play_time":3271,"minecraft:sprint_one_cm":3349,"minecraft:damage_taken":290,"minecraft:time_since_death":177,"minecraft:walk_one_cm":5205,"minecraft:sneak_time":377,"minecraft:total_world_time":3271,"minecraft:mob_kills":1,"minecraft:fall_one_cm":1871,"minecraft:fly_one_cm":3904}},"DataVersion":3953}