{"stats":{"minecraft:used":{"minecraft:tuff_bricks":4,"minecraft:nether_brick_fence":3,"minecraft:iron_shovel":35,"minecraft:elytra":8,"minecraft:diamond_hoe":13,"minecraft:chest":37,"minecraft:shield":24,"minecraft:rotten_flesh":1,"minecraft:iron_chestplate":1,"minecraft:mutton":1,"minecraft:jungle_planks":17,"minecraft:nether_bricks":11,"minecraft:carrot":135,"minecraft:jungle_slab":2,"minecraft:weeping_vines":5,"minecraft:jungle_sapling":3,"minecraft:glass":8,"minecraft:netherite_boots":1,"minecraft:magma_block":2,"minecraft:scaffolding":199,"minecraft:furnace":9,"minecraft:potato":185,"minecraft:end_rod":2,"minecraft:diorite":34,"minecraft:diamond_boots":2,"minecraft:dropper":11,"minecraft:oak_planks":33,"minecraft:stone_pickaxe":111,"minecraft:blackstone":1,"minecraft:wooden_pickaxe":27,"minecraft:diamond_axe":465,"minecraft:purpur_pillar":3,"minecraft:jungle_boat":4,"minecraft:cookie":10,"minecraft:sand":9,"minecraft:netherite_leggings":1,"minecraft:blast_furnace":2,"minecraft:netherite_helmet":1,"minecraft:shears":36,"minecraft:lever":6,"minecraft:firework_rocket":74,"minecraft:string":101,"minecraft:bread":119,"minecraft:lectern":35,"minecraft:gravel":3,"minecraft:nether_wart_block":104,"minecraft:diamond_sword":193,"minecraft:grindstone":2,"minecraft:smithing_table":2,"minecraft:andesite":15,"minecraft:bone_meal":33,"minecraft:netherite_sword":8,"minecraft:flint_and_steel":1,"minecraft:redstone":20,"minecraft:netherrack":365,"minecraft:torch":1,"minecraft:anvil":6,"minecraft:dirt":286,"minecraft:hopper":3,"minecraft:nether_quartz_ore":3,"minecraft:diamond_helmet":4,"minecraft:shulker_box":21,"minecraft:iron_hoe":282,"minecraft:wooden_axe":30,"minecraft:bookshelf":15,"minecraft:iron_axe":26,"minecraft:crimson_planks":159,"minecraft:barrel":6,"minecraft:tripwire_hook":6,"minecraft:diamond_chestplate":8,"minecraft:basalt":1,"minecraft:golden_carrot":31,"minecraft:beef":2,"minecraft:netherite_pickaxe":1315,"minecraft:cobbled_deepslate":92,"minecraft:observer":1,"minecraft:iron_leggings":1,"minecraft:crimson_stem":16,"minecraft:wheat_seeds":68,"minecraft:water_bucket":82,"minecraft:netherite_chestplate":2,"minecraft:baked_potato":35,"minecraft:rail":3,"minecraft:oak_slab":4,"minecraft:crafting_table":12,"minecraft:white_bed":25,"minecraft:smoker":1,"minecraft:nether_gold_ore":3,"minecraft:piston":14,"minecraft:diamond_pickaxe":7801,"minecraft:apple":24,"minecraft:diamond_shovel":804,"minecraft:iron_pickaxe":601,"minecraft:netherite_axe":9,"minecraft:cobblestone":355,"minecraft:potion":2,"minecraft:cobbled_deepslate_slab":405,"minecraft:cooked_porkchop":2,"minecraft:bucket":91,"minecraft:yellow_bed":1,"minecraft:diamond_leggings":3,"minecraft:smooth_stone":1},"minecraft:picked_up":{"minecraft:shulker_shell":5,"minecraft:wheat":57,"minecraft:nether_brick_fence":5,"minecraft:anvil":4,"minecraft:smithing_table":1,"minecraft:lead":2,"minecraft:diamond_sword":4,"minecraft:potion":2,"minecraft:enchanted_book":5,"minecraft:crimson_planks":114,"minecraft:brewing_stand":1,"minecraft:string":17532,"minecraft:raw_copper":15,"minecraft:iron_leggings":2,"minecraft:netherite_ingot":2,"minecraft:shroomlight":7,"minecraft:oak_sign":1,"minecraft:beetroot":1,"minecraft:diamond_leggings":5,"minecraft:cobbled_deepslate":1669,"minecraft:gold_nugget":111,"minecraft:smooth_stone":1,"minecraft:bucket":2,"minecraft:eye_armor_trim_smithing_template":2,"minecraft:netherite_upgrade_smithing_template":1,"minecraft:cobblestone_slab":2,"minecraft:ender_eye":2,"minecraft:iron_pickaxe":3,"minecraft:furnace":15,"minecraft:stick":11,"minecraft:composter":1,"minecraft:torch":7,"minecraft:purpur_pillar":6,"minecraft:porkchop":25,"minecraft:diorite":65,"minecraft:nether_gold_ore":9,"minecraft:rotten_flesh":32,"minecraft:end_rod":2,"minecraft:obsidian":5,"minecraft:cobblestone":906,"minecraft:birch_log":10,"minecraft:magma_block":2,"minecraft:andesite":22,"minecraft:water_bucket":7,"minecraft:jungle_log":141,"minecraft:potato":530,"minecraft:flint":2,"minecraft:tuff":174,"minecraft:lapis_lazuli":59,"minecraft:dirt":522,"minecraft:bone":3,"minecraft:wheat_seeds":192,"minecraft:raw_gold":138,"minecraft:cobbled_deepslate_slab":371,"minecraft:grindstone":2,"minecraft:diamond_helmet":8,"minecraft:oak_planks":50,"minecraft:cooked_porkchop":4,"minecraft:poisonous_potato":4,"minecraft:waxed_chiseled_copper":1,"minecraft:dropper":11,"minecraft:sand":265,"minecraft:jungle_planks":303,"minecraft:jungle_slab":3,"minecraft:shulker_box":21,"minecraft:barrel":5,"minecraft:diamond":443,"minecraft:lever":5,"minecraft:granite":35,"minecraft:bone_meal":1,"minecraft:emerald":79,"minecraft:bread":82,"minecraft:oak_sapling":1,"minecraft:netherrack":3522,"minecraft:crimson_roots":37,"minecraft:diamond_pickaxe":6,"minecraft:crafting_table":11,"minecraft:azure_bluet":2,"minecraft:wooden_pickaxe":1,"minecraft:diamond_horse_armor":1,"minecraft:purpur_block":6,"minecraft:shield":3,"minecraft:oak_trapdoor":1,"minecraft:elytra":4,"minecraft:iron_axe":1,"minecraft:flint_and_steel":1,"minecraft:netherite_scrap":72,"minecraft:iron_shovel":1,"minecraft:blackstone":193,"minecraft:cartography_table":1,"minecraft:beef":3,"minecraft:chiseled_tuff":1,"minecraft:jungle_sapling":6,"minecraft:poppy":16,"minecraft:minecart":1,"minecraft:lectern":35,"minecraft:sugar_cane":401,"minecraft:chest":14,"minecraft:birch_sapling":1,"minecraft:diamond_hoe":3,"minecraft:piston":11,"minecraft:raw_iron":67,"minecraft:fire_charge":2,"minecraft:carrot":206,"minecraft:redstone":339,"minecraft:weeping_vines":24,"minecraft:arrow":1,"minecraft:diamond_chestplate":6,"minecraft:beetroot_seeds":3,"minecraft:nether_bricks":11,"minecraft:shears":1,"minecraft:diamond_boots":5,"minecraft:gold_ingot":26,"minecraft:tuff_bricks":12,"minecraft:mutton":11,"minecraft:rail":18,"minecraft:white_wool":17,"minecraft:stripped_oak_log":8,"minecraft:jungle_boat":4,"minecraft:basalt":1,"minecraft:golden_carrot":5,"minecraft:tripwire_hook":6,"minecraft:crimson_stem":123,"minecraft:leather":6,"minecraft:crimson_fungus":8,"minecraft:oak_log":34,"minecraft:waxed_copper_block":2,"minecraft:ancient_debris":78,"minecraft:yellow_bed":3,"minecraft:golden_boots":1,"minecraft:nether_wart_block":292,"minecraft:paper":82,"minecraft:apple":24,"minecraft:stone_bricks":32,"minecraft:iron_ingot":170,"minecraft:stone_pickaxe":1,"minecraft:book":63,"minecraft:scaffolding":161,"minecraft:oak_slab":4,"minecraft:nether_quartz_ore":9,"minecraft:quartz":161,"minecraft:dandelion":3,"minecraft:gravel":114,"minecraft:white_bed":17,"minecraft:dragon_egg":1,"minecraft:spider_eye":3,"minecraft:polished_tuff":2,"minecraft:firework_rocket":321,"minecraft:diamond_shovel":6,"minecraft:iron_helmet":1,"minecraft:diamond_axe":8,"minecraft:baked_potato":75,"minecraft:crimson_nylium":11,"minecraft:coal":296,"minecraft:chiseled_tuff_bricks":1,"minecraft:hopper":3,"minecraft:wooden_axe":1},"minecraft:dropped":{"minecraft:crimson_nylium":11,"minecraft:diamond_axe":3,"minecraft:oak_log":4,"minecraft:baked_potato":15,"minecraft:glass_bottle":2,"minecraft:weeping_vines":1,"minecraft:leather":3,"minecraft:jungle_planks":13,"minecraft:rail":15,"minecraft:flint":1,"minecraft:emerald":56,"minecraft:dirt":554,"minecraft:netherite_scrap":11,"minecraft:dispenser":13,"minecraft:crimson_roots":8,"minecraft:gold_nugget":1,"minecraft:bone_meal":1,"minecraft:sand":256,"minecraft:iron_pickaxe":4,"minecraft:white_wool":5,"minecraft:gold_ingot":13,"minecraft:gravel":58,"minecraft:purpur_block":6,"minecraft:blackstone":64,"minecraft:sugar_cane":6,"minecraft:cobbled_deepslate":629,"minecraft:wheat":2,"minecraft:birch_sapling":1,"minecraft:rotten_flesh":21,"minecraft:oak_planks":4,"minecraft:nether_brick_fence":2,"minecraft:azure_bluet":1,"minecraft:white_bed":1,"minecraft:carrot":13,"minecraft:shulker_shell":1,"minecraft:poppy":7,"minecraft:beetroot_seeds":3,"minecraft:hopper":9,"minecraft:chest":3,"minecraft:arrow":1,"minecraft:scaffolding":87,"minecraft:netherrack":1811,"minecraft:cartography_table":1,"minecraft:water_bucket":6,"minecraft:stone_hoe":24,"minecraft:iron_ingot":123,"minecraft:bread":64,"minecraft:wheat_seeds":82,"minecraft:minecart":1,"minecraft:poisonous_potato":4,"minecraft:lead":1,"minecraft:iron_helmet":1,"minecraft:cobblestone":174,"minecraft:observer":13,"minecraft:coal":17,"minecraft:stick":1,"minecraft:jungle_slab":7,"minecraft:nether_gold_ore":6,"minecraft:diorite":1,"minecraft:brewing_stand":1,"minecraft:torch":9,"minecraft:fire_charge":2,"minecraft:jungle_boat":1,"minecraft:iron_axe":1,"minecraft:paper":72,"minecraft:string":345,"minecraft:bucket":16,"minecraft:redstone":48,"minecraft:furnace":2,"minecraft:purpur_pillar":3,"minecraft:oak_trapdoor":1,"minecraft:raw_copper":6,"minecraft:tuff":163,"minecraft:composter":1,"minecraft:raw_iron":7,"minecraft:iron_boots":2,"minecraft:cobbled_deepslate_slab":775,"minecraft:oak_sign":1,"minecraft:shears":3,"minecraft:diamond_sword":3,"minecraft:potato":55,"minecraft:diamond_chestplate":3,"minecraft:diamond_pickaxe":2,"minecraft:andesite":7,"minecraft:redstone_torch":8,"minecraft:spider_eye":3,"minecraft:stone_bricks":32,"minecraft:diamond_boots":2,"minecraft:wooden_pickaxe":1,"minecraft:raw_gold":4,"minecraft:nether_quartz_ore":6},"minecraft:killed":{"minecraft:spider":1,"minecraft:shulker":14,"minecraft:skeleton":4,"minecraft:piglin":7,"minecraft:pig":2,"minecraft:zombie_villager":1,"minecraft:iron_golem":4,"minecraft:creeper":2,"minecraft:sheep":8,"minecraft:trader_llama":2,"minecraft:zombie":14,"minecraft:cow":1,"minecraft:horse":3,"minecraft:wandering_trader":1,"minecraft:hoglin":1,"minecraft:wither_skeleton":1,"minecraft:villager":1},"minecraft:custom":{"minecraft:animals_bred":4,"minecraft:interact_with_crafting_table":105,"minecraft:open_barrel":5,"minecraft:open_shulker_box":57,"minecraft:leave_game":30,"minecraft:time_since_death":73044,"minecraft:sprint_one_cm":1406926,"minecraft:damage_blocked_by_shield":1845,"minecraft:drop":312,"minecraft:talked_to_villager":441,"minecraft:play_time":769716,"minecraft:deaths":11,"minecraft:jump":10585,"minecraft:walk_on_water_one_cm":165811,"minecraft:interact_with_furnace":88,"minecraft:traded_with_villager":2356,"minecraft:sleep_in_bed":34,"minecraft:open_enderchest":30,"minecraft:damage_dealt":18200,"minecraft:player_kills":8,"minecraft:crouch_one_cm":78788,"minecraft:interact_with_smoker":13,"minecraft:inspect_dispenser":1,"minecraft:interact_with_smithing_table":8,"minecraft:inspect_dropper":10,"minecraft:interact_with_anvil":57,"minecraft:mob_kills":75,"minecraft:inspect_hopper":14,"minecraft:climb_one_cm":316272,"minecraft:walk_one_cm":1233252,"minecraft:sneak_time":27640,"minecraft:walk_under_water_one_cm":49710,"minecraft:boat_one_cm":4826,"minecraft:interact_with_blast_furnace":28,"minecraft:total_world_time":769716,"minecraft:interact_with_grindstone":1,"minecraft:time_since_rest":36751,"minecraft:damage_taken":13496,"minecraft:swim_one_cm":219554,"minecraft:fly_one_cm":2147459,"minecraft:open_chest":434,"minecraft:aviate_one_cm":1890732,"minecraft:fall_one_cm":251909},"minecraft:mined":{"minecraft:white_bed":13,"minecraft:farmland":2,"minecraft:jungle_slab":3,"minecraft:brewing_stand":1,"minecraft:obsidian":5,"minecraft:granite":28,"minecraft:grass_block":314,"minecraft:jungle_log":25,"minecraft:chiseled_tuff_bricks":1,"minecraft:crimson_fungus":1,"minecraft:hopper":3,"minecraft:tuff_bricks":12,"minecraft:spawner":1,"minecraft:weeping_vines_plant":17,"minecraft:magma_block":6,"minecraft:iron_ore":49,"minecraft:cobbled_deepslate":1,"minecraft:fire":51,"minecraft:barrel":5,"minecraft:polished_tuff":2,"minecraft:deepslate_lapis_ore":4,"minecraft:anvil":4,"minecraft:azure_bluet":1,"minecraft:dirt_path":1,"minecraft:oak_stairs":1,"minecraft:tripwire":31,"minecraft:deepslate_redstone_ore":25,"minecraft:blackstone":73,"minecraft:crimson_nylium":79,"minecraft:poppy":1,"minecraft:chest":7,"minecraft:glass":1,"minecraft:cobblestone":150,"minecraft:nether_quartz_ore":32,"minecraft:oak_planks":34,"minecraft:grindstone":2,"minecraft:sugar_cane":202,"minecraft:waxed_chiseled_copper":1,"minecraft:deepslate_copper_ore":3,"minecraft:seagrass":1,"minecraft:nether_wart_block":201,"minecraft:birch_log":5,"minecraft:wheat":28,"minecraft:waxed_copper_block":2,"minecraft:purpur_block":6,"minecraft:oak_log":29,"minecraft:beetroots":1,"minecraft:sand":267,"minecraft:dirt":197,"minecraft:crimson_planks":9,"minecraft:tripwire_hook":4,"minecraft:netherrack":6361,"minecraft:ancient_debris":76,"minecraft:piston":10,"minecraft:oak_leaves":11,"minecraft:deepslate":1609,"minecraft:nether_gold_ore":20,"minecraft:diamond_ore":3,"minecraft:tuff":155,"minecraft:deepslate_diamond_ore":198,"minecraft:shulker_box":21,"minecraft:lever":5,"minecraft:nether_bricks":12,"minecraft:cobbled_deepslate_slab":21,"minecraft:jungle_planks":13,"minecraft:crimson_roots":29,"minecraft:weeping_vines":6,"minecraft:redstone_wire":16,"minecraft:crimson_stem":127,"minecraft:redstone_ore":14,"minecraft:furnace":10,"minecraft:carrots":59,"minecraft:jungle_sapling":1,"minecraft:andesite":27,"minecraft:chiseled_tuff":1,"minecraft:nether_brick_fence":6,"minecraft:bookshelf":15,"minecraft:potatoes":149,"minecraft:cobblestone_slab":1,"minecraft:shroomlight":8,"minecraft:vine":11,"minecraft:rail":7,"minecraft:stripped_oak_log":8,"minecraft:stone":546,"minecraft:smithing_table":1,"minecraft:oak_slab":4,"minecraft:scaffolding":24,"minecraft:soul_sand":9,"minecraft:basalt":1,"minecraft:crafting_table":9,"minecraft:short_grass":63,"minecraft:dropper":11,"minecraft:lectern":35,"minecraft:copper_ore":1,"minecraft:tall_grass":8,"minecraft:purpur_pillar":4,"minecraft:deepslate_gold_ore":64,"minecraft:diorite":59,"minecraft:birch_leaves":3,"minecraft:yellow_bed":1,"minecraft:coal_ore":66,"minecraft:end_rod":2,"minecraft:gravel":75},"minecraft:killed_by":{"minecraft:piglin_brute":1,"minecraft:piglin":1,"minecraft:zombie":2},"minecraft:crafted":{"minecraft:smooth_stone":12,"minecraft:oak_planks":132,"minecraft:stone":16,"minecraft:diamond_shovel":4,"minecraft:lever":1,"minecraft:bookshelf":15,"minecraft:shulker_box":2,"minecraft:glass":8,"minecraft:hopper":9,"minecraft:diamond_helmet":3,"minecraft:bow":13,"minecraft:diamond_leggings":3,"minecraft:iron_boots":1,"minecraft:chest":39,"minecraft:stone_hoe":24,"minecraft:smoker":1,"minecraft:dropper":6,"minecraft:emerald":2209,"minecraft:cooked_porkchop":3,"minecraft:diamond_axe":7,"minecraft:crafting_table":4,"minecraft:jungle_boat":1,"minecraft:wooden_pickaxe":2,"minecraft:iron_helmet":2,"minecraft:baked_potato":125,"minecraft:smithing_table":1,"minecraft:birch_planks":20,"minecraft:dispenser":13,"minecraft:iron_chestplate":2,"minecraft:paper":327,"minecraft:diamond_pickaxe":18,"minecraft:shield":3,"minecraft:stick":100,"minecraft:iron_ingot":42,"minecraft:iron_pickaxe":6,"minecraft:iron_block":6,"minecraft:gold_ingot":129,"minecraft:redstone_torch":13,"minecraft:netherite_ingot":16,"minecraft:shears":4,"minecraft:golden_carrot":31,"minecraft:cobbled_deepslate_slab":936,"minecraft:diamond_hoe":1,"minecraft:furnace":4,"minecraft:blast_furnace":2,"minecraft:piston":5,"minecraft:bone_meal":192,"minecraft:iron_axe":1,"minecraft:iron_hoe":1,"minecraft:stone_pickaxe":1,"minecraft:diamond_boots":4,"minecraft:netherite_scrap":77,"minecraft:observer":14,"minecraft:crimson_planks":428,"minecraft:diamond_sword":2,"minecraft:bucket":23,"minecraft:enchanted_book":36,"minecraft:jungle_slab":6,"minecraft:bread":180,"minecraft:air":0,"minecraft:jungle_planks":528,"minecraft:white_wool":128,"minecraft:wooden_axe":1,"minecraft:iron_shovel":1,"minecraft:iron_leggings":1,"minecraft:anvil":2,"minecraft:white_bed":29,"minecraft:diamond_chestplate":4},"minecraft:broken":{"minecraft:iron_hoe":1,"minecraft:iron_pickaxe":2}},"DataVersion":3953}