{"stats":{"minecraft:used":{"minecraft:tuff_bricks":4,"minecraft:nether_brick_fence":3,"minecraft:iron_shovel":35,"minecraft:diamond_hoe":13,"minecraft:chest":35,"minecraft:shield":24,"minecraft:rotten_flesh":1,"minecraft:iron_chestplate":1,"minecraft:mutton":1,"minecraft:jungle_planks":1,"minecraft:nether_bricks":11,"minecraft:carrot":131,"minecraft:weeping_vines":5,"minecraft:jungle_sapling":3,"minecraft:glass":8,"minecraft:magma_block":2,"minecraft:scaffolding":199,"minecraft:furnace":8,"minecraft:potato":64,"minecraft:diorite":34,"minecraft:diamond_boots":1,"minecraft:dropper":11,"minecraft:oak_planks":29,"minecraft:stone_pickaxe":111,"minecraft:blackstone":1,"minecraft:wooden_pickaxe":27,"minecraft:diamond_axe":341,"minecraft:cookie":10,"minecraft:sand":9,"minecraft:shears":33,"minecraft:lever":6,"minecraft:string":92,"minecraft:bread":119,"minecraft:nether_wart_block":104,"minecraft:diamond_sword":38,"minecraft:smithing_table":1,"minecraft:andesite":7,"minecraft:bone_meal":33,"minecraft:flint_and_steel":1,"minecraft:redstone":20,"minecraft:netherrack":229,"minecraft:anvil":1,"minecraft:dirt":253,"minecraft:hopper":3,"minecraft:diamond_helmet":2,"minecraft:iron_hoe":282,"minecraft:wooden_axe":30,"minecraft:iron_axe":26,"minecraft:crimson_planks":159,"minecraft:barrel":6,"minecraft:basalt":1,"minecraft:diamond_chestplate":3,"minecraft:tripwire_hook":6,"minecraft:golden_carrot":10,"minecraft:beef":2,"minecraft:cobbled_deepslate":76,"minecraft:observer":1,"minecraft:iron_leggings":1,"minecraft:crimson_stem":16,"minecraft:wheat_seeds":68,"minecraft:water_bucket":82,"minecraft:rail":3,"minecraft:oak_slab":4,"minecraft:crafting_table":10,"minecraft:white_bed":25,"minecraft:piston":14,"minecraft:diamond_pickaxe":6321,"minecraft:apple":24,"minecraft:diamond_shovel":770,"minecraft:iron_pickaxe":601,"minecraft:cobblestone":286,"minecraft:cobbled_deepslate_slab":405,"minecraft:cooked_porkchop":2,"minecraft:bucket":89,"minecraft:yellow_bed":1,"minecraft:smooth_stone":1},"minecraft:picked_up":{"minecraft:wooden_axe":1,"minecraft:wheat":57,"minecraft:nether_brick_fence":5,"minecraft:diamond_sword":3,"minecraft:enchanted_book":5,"minecraft:crimson_planks":114,"minecraft:string":16753,"minecraft:raw_copper":13,"minecraft:iron_leggings":2,"minecraft:netherite_ingot":2,"minecraft:shroomlight":7,"minecraft:oak_sign":1,"minecraft:beetroot":1,"minecraft:diamond_leggings":3,"minecraft:cobbled_deepslate":1074,"minecraft:gold_nugget":79,"minecraft:smooth_stone":1,"minecraft:bucket":2,"minecraft:eye_armor_trim_smithing_template":2,"minecraft:cobblestone_slab":2,"minecraft:ender_eye":2,"minecraft:iron_pickaxe":3,"minecraft:furnace":11,"minecraft:stick":11,"minecraft:composter":1,"minecraft:torch":6,"minecraft:porkchop":25,"minecraft:diorite":65,"minecraft:rotten_flesh":29,"minecraft:obsidian":5,"minecraft:cobblestone":736,"minecraft:birch_log":10,"minecraft:magma_block":2,"minecraft:andesite":7,"minecraft:water_bucket":7,"minecraft:jungle_log":121,"minecraft:potato":158,"minecraft:flint":1,"minecraft:tuff":69,"minecraft:dirt":476,"minecraft:bone":3,"minecraft:wheat_seeds":192,"minecraft:raw_gold":14,"minecraft:cobbled_deepslate_slab":371,"minecraft:diamond_helmet":6,"minecraft:oak_planks":46,"minecraft:cooked_porkchop":4,"minecraft:jungle_planks":290,"minecraft:dropper":11,"minecraft:waxed_chiseled_copper":1,"minecraft:sand":265,"minecraft:barrel":5,"minecraft:diamond":88,"minecraft:lever":5,"minecraft:granite":35,"minecraft:emerald":79,"minecraft:bread":82,"minecraft:oak_sapling":1,"minecraft:netherrack":1550,"minecraft:crimson_roots":31,"minecraft:diamond_pickaxe":4,"minecraft:crafting_table":10,"minecraft:azure_bluet":2,"minecraft:wooden_pickaxe":1,"minecraft:diamond_horse_armor":1,"minecraft:shield":1,"minecraft:oak_trapdoor":1,"minecraft:iron_axe":1,"minecraft:flint_and_steel":1,"minecraft:netherite_scrap":72,"minecraft:iron_shovel":1,"minecraft:blackstone":193,"minecraft:cartography_table":1,"minecraft:beef":3,"minecraft:chiseled_tuff":1,"minecraft:jungle_sapling":6,"minecraft:poppy":16,"minecraft:minecart":1,"minecraft:sugar_cane":85,"minecraft:chest":13,"minecraft:birch_sapling":1,"minecraft:diamond_hoe":3,"minecraft:piston":11,"minecraft:raw_iron":67,"minecraft:fire_charge":2,"minecraft:carrot":185,"minecraft:redstone":149,"minecraft:arrow":1,"minecraft:diamond_chestplate":5,"minecraft:weeping_vines":24,"minecraft:beetroot_seeds":3,"minecraft:nether_bricks":11,"minecraft:shears":1,"minecraft:diamond_boots":4,"minecraft:gold_ingot":26,"minecraft:tuff_bricks":12,"minecraft:mutton":11,"minecraft:white_wool":17,"minecraft:rail":18,"minecraft:basalt":1,"minecraft:golden_carrot":5,"minecraft:tripwire_hook":6,"minecraft:crimson_stem":123,"minecraft:leather":6,"minecraft:crimson_fungus":8,"minecraft:oak_log":20,"minecraft:waxed_copper_block":2,"minecraft:ancient_debris":78,"minecraft:nether_wart_block":292,"minecraft:golden_boots":1,"minecraft:yellow_bed":3,"minecraft:paper":82,"minecraft:apple":24,"minecraft:iron_ingot":170,"minecraft:stone_pickaxe":1,"minecraft:book":18,"minecraft:oak_slab":4,"minecraft:scaffolding":161,"minecraft:quartz":149,"minecraft:dandelion":3,"minecraft:gravel":111,"minecraft:white_bed":16,"minecraft:polished_tuff":2,"minecraft:spider_eye":3,"minecraft:diamond_shovel":4,"minecraft:iron_helmet":1,"minecraft:diamond_axe":6,"minecraft:chiseled_tuff_bricks":1,"minecraft:coal":72,"minecraft:hopper":3},"minecraft:broken":{"minecraft:iron_hoe":1,"minecraft:iron_pickaxe":2},"minecraft:mined":{"minecraft:white_bed":13,"minecraft:obsidian":5,"minecraft:granite":28,"minecraft:grass_block":298,"minecraft:jungle_log":5,"minecraft:chiseled_tuff_bricks":1,"minecraft:hopper":3,"minecraft:crimson_fungus":1,"minecraft:tuff_bricks":12,"minecraft:spawner":1,"minecraft:weeping_vines_plant":17,"minecraft:magma_block":6,"minecraft:cobbled_deepslate":1,"minecraft:iron_ore":49,"minecraft:fire":49,"minecraft:barrel":5,"minecraft:polished_tuff":2,"minecraft:azure_bluet":1,"minecraft:dirt_path":1,"minecraft:tripwire":28,"minecraft:blackstone":73,"minecraft:crimson_nylium":54,"minecraft:poppy":1,"minecraft:chest":7,"minecraft:glass":1,"minecraft:nether_quartz_ore":23,"minecraft:cobblestone":98,"minecraft:sugar_cane":36,"minecraft:oak_planks":30,"minecraft:waxed_chiseled_copper":1,"minecraft:deepslate_copper_ore":3,"minecraft:seagrass":1,"minecraft:nether_wart_block":201,"minecraft:birch_log":5,"minecraft:wheat":28,"minecraft:waxed_copper_block":2,"minecraft:oak_log":14,"minecraft:beetroots":1,"minecraft:sand":267,"minecraft:dirt":167,"minecraft:crimson_planks":9,"minecraft:tripwire_hook":4,"minecraft:netherrack":4981,"minecraft:ancient_debris":76,"minecraft:piston":10,"minecraft:oak_leaves":11,"minecraft:deepslate":897,"minecraft:nether_gold_ore":6,"minecraft:diamond_ore":3,"minecraft:tuff":31,"minecraft:deepslate_diamond_ore":44,"minecraft:lever":5,"minecraft:nether_bricks":12,"minecraft:cobbled_deepslate_slab":21,"minecraft:crimson_roots":26,"minecraft:weeping_vines":6,"minecraft:redstone_wire":16,"minecraft:crimson_stem":127,"minecraft:redstone_ore":8,"minecraft:furnace":8,"minecraft:carrots":54,"minecraft:jungle_sapling":1,"minecraft:andesite":12,"minecraft:chiseled_tuff":1,"minecraft:nether_brick_fence":6,"minecraft:potatoes":43,"minecraft:shroomlight":8,"minecraft:cobblestone_slab":1,"minecraft:vine":2,"minecraft:rail":7,"minecraft:stone":427,"minecraft:oak_slab":4,"minecraft:scaffolding":24,"minecraft:soul_sand":9,"minecraft:basalt":1,"minecraft:crafting_table":8,"minecraft:short_grass":57,"minecraft:dropper":11,"minecraft:tall_grass":8,"minecraft:deepslate_gold_ore":9,"minecraft:diorite":59,"minecraft:birch_leaves":3,"minecraft:yellow_bed":1,"minecraft:coal_ore":19,"minecraft:gravel":72},"minecraft:dropped":{"minecraft:diamond_axe":3,"minecraft:oak_log":4,"minecraft:weeping_vines":1,"minecraft:leather":1,"minecraft:jungle_planks":4,"minecraft:rail":15,"minecraft:emerald":56,"minecraft:dirt":542,"minecraft:dispenser":13,"minecraft:netherite_scrap":11,"minecraft:crimson_roots":2,"minecraft:gold_nugget":1,"minecraft:sand":256,"minecraft:iron_pickaxe":1,"minecraft:white_wool":5,"minecraft:gold_ingot":13,"minecraft:gravel":57,"minecraft:blackstone":64,"minecraft:cobbled_deepslate":50,"minecraft:wheat":2,"minecraft:birch_sapling":1,"minecraft:rotten_flesh":18,"minecraft:oak_planks":4,"minecraft:nether_brick_fence":2,"minecraft:azure_bluet":1,"minecraft:poppy":7,"minecraft:beetroot_seeds":3,"minecraft:hopper":9,"minecraft:chest":1,"minecraft:arrow":1,"minecraft:scaffolding":87,"minecraft:cartography_table":1,"minecraft:netherrack":464,"minecraft:water_bucket":6,"minecraft:iron_ingot":113,"minecraft:bread":64,"minecraft:wheat_seeds":82,"minecraft:minecart":1,"minecraft:cobblestone":70,"minecraft:observer":13,"minecraft:coal":17,"minecraft:stick":1,"minecraft:diorite":1,"minecraft:torch":9,"minecraft:fire_charge":2,"minecraft:iron_axe":1,"minecraft:string":15,"minecraft:bucket":16,"minecraft:redstone":48,"minecraft:oak_trapdoor":1,"minecraft:raw_copper":4,"minecraft:tuff":58,"minecraft:composter":1,"minecraft:raw_iron":7,"minecraft:cobbled_deepslate_slab":775,"minecraft:oak_sign":1,"minecraft:shears":2,"minecraft:diamond_sword":1,"minecraft:potato":55,"minecraft:diamond_chestplate":1,"minecraft:diamond_pickaxe":1,"minecraft:redstone_torch":8,"minecraft:spider_eye":3,"minecraft:diamond_boots":1,"minecraft:wooden_pickaxe":1,"minecraft:raw_gold":4},"minecraft:killed_by":{"minecraft:piglin":1,"minecraft:zombie":2},"minecraft:custom":{"minecraft:animals_bred":4,"minecraft:interact_with_crafting_table":79,"minecraft:open_barrel":5,"minecraft:leave_game":28,"minecraft:time_since_death":154,"minecraft:sprint_one_cm":951896,"minecraft:damage_blocked_by_shield":1845,"minecraft:drop":151,"minecraft:talked_to_villager":181,"minecraft:play_time":542966,"minecraft:deaths":9,"minecraft:jump":8178,"minecraft:walk_on_water_one_cm":155759,"minecraft:interact_with_furnace":65,"minecraft:traded_with_villager":634,"minecraft:sleep_in_bed":23,"minecraft:damage_dealt":11310,"minecraft:player_kills":8,"minecraft:crouch_one_cm":68901,"minecraft:inspect_dispenser":1,"minecraft:interact_with_smithing_table":2,"minecraft:inspect_dropper":10,"minecraft:mob_kills":52,"minecraft:interact_with_anvil":6,"minecraft:inspect_hopper":8,"minecraft:climb_one_cm":277789,"minecraft:walk_one_cm":891658,"minecraft:sneak_time":22674,"minecraft:walk_under_water_one_cm":43492,"minecraft:boat_one_cm":1096,"minecraft:total_world_time":542966,"minecraft:time_since_rest":177,"minecraft:damage_taken":10399,"minecraft:swim_one_cm":209446,"minecraft:fly_one_cm":1499190,"minecraft:open_chest":334,"minecraft:fall_one_cm":195845},"minecraft:killed":{"minecraft:spider":1,"minecraft:skeleton":4,"minecraft:piglin":6,"minecraft:pig":2,"minecraft:zombie_villager":1,"minecraft:iron_golem":4,"minecraft:creeper":1,"minecraft:sheep":8,"minecraft:zombie":13,"minecraft:cow":1,"minecraft:horse":3,"minecraft:hoglin":1,"minecraft:wither_skeleton":1},"minecraft:crafted":{"minecraft:oak_planks":64,"minecraft:stone":4,"minecraft:lever":1,"minecraft:diamond_shovel":2,"minecraft:glass":8,"minecraft:hopper":9,"minecraft:diamond_helmet":1,"minecraft:bow":13,"minecraft:diamond_leggings":1,"minecraft:iron_boots":1,"minecraft:chest":34,"minecraft:dropper":6,"minecraft:emerald":580,"minecraft:cooked_porkchop":3,"minecraft:diamond_axe":2,"minecraft:crafting_table":3,"minecraft:wooden_pickaxe":2,"minecraft:iron_helmet":1,"minecraft:smithing_table":1,"minecraft:birch_planks":20,"minecraft:dispenser":13,"minecraft:iron_chestplate":2,"minecraft:paper":63,"minecraft:diamond_pickaxe":6,"minecraft:shield":2,"minecraft:stick":84,"minecraft:iron_pickaxe":3,"minecraft:iron_ingot":42,"minecraft:iron_block":3,"minecraft:gold_ingot":15,"minecraft:redstone_torch":13,"minecraft:netherite_ingot":1,"minecraft:shears":3,"minecraft:golden_carrot":27,"minecraft:cobbled_deepslate_slab":936,"minecraft:diamond_hoe":1,"minecraft:furnace":2,"minecraft:piston":5,"minecraft:bone_meal":192,"minecraft:iron_axe":1,"minecraft:iron_hoe":1,"minecraft:stone_pickaxe":1,"minecraft:diamond_boots":2,"minecraft:netherite_scrap":76,"minecraft:observer":14,"minecraft:crimson_planks":428,"minecraft:diamond_sword":1,"minecraft:bucket":21,"minecraft:bread":180,"minecraft:air":0,"minecraft:jungle_planks":448,"minecraft:white_wool":128,"minecraft:wooden_axe":1,"minecraft:iron_shovel":1,"minecraft:iron_leggings":1,"minecraft:anvil":1,"minecraft:white_bed":29,"minecraft:diamond_chestplate":2}},"DataVersion":3953}