{"stats":{"minecraft:broken":{"minecraft:iron_hoe":1,"minecraft:iron_pickaxe":2},"minecraft:mined":{"minecraft:dark_oak_planks":2,"minecraft:dragon_wall_head":1,"minecraft:white_bed":13,"minecraft:jungle_leaves":3,"minecraft:obsidian":129,"minecraft:granite":105,"minecraft:jungle_log":69,"minecraft:chiseled_tuff_bricks":1,"minecraft:hopper":5,"minecraft:crimson_fungus":1,"minecraft:nether_wart":35,"minecraft:oxeye_daisy":3,"minecraft:spawner":1,"minecraft:weeping_vines_plant":19,"minecraft:tall_seagrass":19,"minecraft:magma_block":8324,"minecraft:cobbled_deepslate":1,"minecraft:fire":65,"minecraft:barrel":6,"minecraft:pumpkin":8,"minecraft:deepslate_lapis_ore":11,"minecraft:dirt_path":1,"minecraft:oak_stairs":1,"minecraft:spruce_pressure_plate":8,"minecraft:iron_block":91,"minecraft:tripwire":38,"minecraft:red_bed":1,"minecraft:kelp_plant":334,"minecraft:crimson_nylium":125,"minecraft:torch":2,"minecraft:blast_furnace":13,"minecraft:glass":326,"minecraft:sugar_cane":533,"minecraft:damaged_anvil":1,"minecraft:bricks":1,"minecraft:wheat":41,"minecraft:magenta_bed":1,"minecraft:waxed_copper_block":2,"minecraft:piston":14,"minecraft:deepslate":2484,"minecraft:suspicious_gravel":2,"minecraft:pink_shulker_box":206,"minecraft:mossy_cobblestone":2,"minecraft:shulker_box":66,"minecraft:nether_bricks":49,"minecraft:dark_oak_fence":11,"minecraft:cobbled_deepslate_slab":21,"minecraft:jungle_planks":21,"minecraft:crimson_roots":30,"minecraft:redstone_wire":21,"minecraft:kelp":27,"minecraft:redstone_ore":14,"minecraft:jungle_sapling":1,"minecraft:snow":92,"minecraft:andesite":28,"minecraft:chiseled_tuff":1,"minecraft:potatoes":252,"minecraft:cobblestone_slab":1,"minecraft:vine":18,"minecraft:rail":86,"minecraft:ender_chest":30,"minecraft:smithing_table":1,"minecraft:oak_slab":10,"minecraft:redstone_block":4,"minecraft:glass_pane":2,"minecraft:soul_sand":79,"minecraft:dandelion":1,"minecraft:short_grass":110,"minecraft:emerald_ore":1,"minecraft:dropper":11,"minecraft:purpur_pillar":4,"minecraft:tall_grass":26,"minecraft:copper_ore":8,"minecraft:deepslate_gold_ore":81,"minecraft:diorite":118,"minecraft:red_terracotta":7,"minecraft:white_carpet":1,"minecraft:spruce_log":842,"minecraft:birch_leaves":3,"minecraft:gravel":181,"minecraft:cobweb":10,"minecraft:spruce_planks":8,"minecraft:farmland":2,"minecraft:jungle_slab":40,"minecraft:brewing_stand":1,"minecraft:grass_block":847,"minecraft:soul_soil":5,"minecraft:tuff_bricks":13,"minecraft:glowstone":13,"minecraft:iron_ore":49,"minecraft:polished_tuff":2,"minecraft:anvil":7,"minecraft:azure_bluet":4,"minecraft:end_stone_bricks":1,"minecraft:green_bed":1,"minecraft:deepslate_redstone_ore":37,"minecraft:blackstone":230,"minecraft:poppy":20,"minecraft:beacon":1,"minecraft:chest":48,"minecraft:nether_quartz_ore":553,"minecraft:cobblestone":197,"minecraft:grindstone":3,"minecraft:oak_planks":37,"minecraft:waxed_chiseled_copper":1,"minecraft:wall_torch":1,"minecraft:deepslate_copper_ore":3,"minecraft:seagrass":25,"minecraft:nether_wart_block":204,"minecraft:birch_log":5,"minecraft:purpur_block":8,"minecraft:oak_log":39,"minecraft:beetroots":1,"minecraft:sand":1596,"minecraft:dirt":1060,"minecraft:crimson_planks":9,"minecraft:tripwire_hook":4,"minecraft:wither_skeleton_skull":1,"minecraft:netherrack":19528,"minecraft:ancient_debris":163,"minecraft:oak_leaves":11,"minecraft:emerald_block":26,"minecraft:nether_gold_ore":76,"minecraft:diamond_ore":3,"minecraft:tuff":256,"minecraft:deepslate_diamond_ore":376,"minecraft:lever":5,"minecraft:decorated_pot":8,"minecraft:brick_stairs":1,"minecraft:weeping_vines":6,"minecraft:spruce_leaves":66,"minecraft:crimson_stem":127,"minecraft:spruce_sapling":15,"minecraft:furnace":14,"minecraft:carrots":160,"minecraft:gold_block":43,"minecraft:nether_brick_fence":10,"minecraft:bookshelf":157,"minecraft:shroomlight":8,"minecraft:stripped_oak_log":8,"minecraft:packed_ice":602,"minecraft:stone":1151,"minecraft:scaffolding":49,"minecraft:magenta_stained_glass":3,"minecraft:basalt":189,"minecraft:crafting_table":10,"minecraft:lectern":332,"minecraft:blue_bed":1,"minecraft:bee_nest":1,"minecraft:yellow_bed":1,"minecraft:coal_ore":83,"minecraft:end_rod":2,"minecraft:flower_pot":1},"minecraft:killed_by":{"minecraft:piglin_brute":1,"minecraft:zombie":2,"minecraft:vex":1,"minecraft:piglin":1},"minecraft:custom":{"minecraft:interact_with_crafting_table":267,"minecraft:open_barrel":14,"minecraft:bell_ring":15,"minecraft:leave_game":66,"minecraft:time_since_death":1225150,"minecraft:damage_blocked_by_shield":3010,"minecraft:play_time":2333892,"minecraft:deaths":14,"minecraft:jump":26633,"minecraft:enchant_item":8,"minecraft:interact_with_furnace":207,"minecraft:traded_with_villager":5272,"minecraft:sleep_in_bed":111,"minecraft:damage_dealt":104390,"minecraft:interact_with_smoker":17,"minecraft:inspect_dispenser":9,"minecraft:interact_with_smithing_table":30,"minecraft:inspect_dropper":10,"minecraft:interact_with_anvil":110,"minecraft:inspect_hopper":85,"minecraft:sneak_time":119276,"minecraft:interact_with_blast_furnace":67,"minecraft:total_world_time":2333892,"minecraft:interact_with_stonecutter":5,"minecraft:time_since_rest":13878,"minecraft:swim_one_cm":362164,"minecraft:fly_one_cm":4894943,"minecraft:open_chest":1252,"minecraft:fall_one_cm":688158,"minecraft:animals_bred":6,"minecraft:open_shulker_box":711,"minecraft:sprint_one_cm":4860009,"minecraft:drop":1457,"minecraft:talked_to_villager":1303,"minecraft:interact_with_brewingstand":134,"minecraft:walk_on_water_one_cm":288737,"minecraft:interact_with_loom":5,"minecraft:open_enderchest":407,"minecraft:interact_with_beacon":6,"minecraft:player_kills":8,"minecraft:crouch_one_cm":398435,"minecraft:mob_kills":8394,"minecraft:climb_one_cm":519602,"minecraft:walk_one_cm":4027018,"minecraft:raid_win":4,"minecraft:walk_under_water_one_cm":165618,"minecraft:boat_one_cm":4826,"minecraft:raid_trigger":4,"minecraft:interact_with_grindstone":9,"minecraft:damage_taken":39823,"minecraft:damage_absorbed":258,"minecraft:minecart_one_cm":2389,"minecraft:aviate_one_cm":23231750},"minecraft:used":{"minecraft:tuff_bricks":4,"minecraft:nether_brick_fence":3,"minecraft:elytra":57,"minecraft:chest":117,"minecraft:stone":20,"minecraft:rotten_flesh":1,"minecraft:soul_sand":30,"minecraft:jungle_slab":52,"minecraft:snowball":2,"minecraft:weeping_vines":5,"minecraft:jungle_sapling":3,"minecraft:packed_ice":243,"minecraft:lava_bucket":2,"minecraft:netherite_shovel":2989,"minecraft:netherite_hoe":154,"minecraft:netherite_boots":2,"minecraft:bow":262,"minecraft:ominous_bottle":5,"minecraft:furnace":53,"minecraft:egg":2,"minecraft:potato":282,"minecraft:emerald_ore":1,"minecraft:diorite":34,"minecraft:blackstone":11,"minecraft:wooden_pickaxe":27,"minecraft:purpur_pillar":3,"minecraft:jungle_boat":4,"minecraft:cookie":10,"minecraft:golden_apple":2,"minecraft:sand":48,"minecraft:blast_furnace":15,"minecraft:netherite_helmet":2,"minecraft:lectern":342,"minecraft:nether_wart_block":104,"minecraft:diamond_sword":193,"minecraft:smithing_table":2,"minecraft:oak_trapdoor":1,"minecraft:trial_key":6,"minecraft:netherrack":1076,"minecraft:torch":191,"minecraft:brewing_stand":4,"minecraft:anvil":11,"minecraft:ancient_debris":1,"minecraft:nether_quartz_ore":3,"minecraft:iron_axe":26,"minecraft:iron_block":22,"minecraft:brick_stairs":1,"minecraft:totem_of_undying":10,"minecraft:barrel":8,"minecraft:diamond_chestplate":8,"minecraft:basalt":36,"minecraft:tripwire_hook":6,"minecraft:beef":2,"minecraft:cobbled_deepslate":93,"minecraft:observer":1,"minecraft:crimson_stem":16,"minecraft:wheat_seeds":126,"minecraft:water_bucket":217,"minecraft:rail":132,"minecraft:oak_slab":9,"minecraft:crafting_table":13,"minecraft:red_bed":1,"minecraft:white_bed":26,"minecraft:cake":12,"minecraft:spruce_log":8,"minecraft:diamond_pickaxe":7801,"minecraft:ominous_trial_key":2,"minecraft:diamond_shovel":806,"minecraft:wind_charge":22,"minecraft:iron_pickaxe":601,"minecraft:suspicious_stew":5,"minecraft:spruce_pressure_plate":38,"minecraft:spruce_sapling":91,"minecraft:cobblestone":394,"minecraft:potion":6,"minecraft:cooked_porkchop":2,"minecraft:brush":11,"minecraft:diamond_leggings":3,"minecraft:iron_shovel":35,"minecraft:diamond_hoe":13,"minecraft:shield":39,"minecraft:nether_wart":40,"minecraft:iron_chestplate":1,"minecraft:mutton":1,"minecraft:jungle_planks":77,"minecraft:nether_bricks":13,"minecraft:carrot":261,"minecraft:obsidian":66,"minecraft:glass":1759,"minecraft:bricks":1,"minecraft:lantern":12,"minecraft:hopper_minecart":1,"minecraft:deepslate_diamond_ore":1,"minecraft:magma_block":3959,"minecraft:scaffolding":363,"minecraft:gold_block":43,"minecraft:end_rod":2,"minecraft:diamond_boots":2,"minecraft:dropper":11,"minecraft:wither_skeleton_skull":3,"minecraft:stone_pickaxe":111,"minecraft:oak_planks":33,"minecraft:redstone_block":2,"minecraft:sugar_cane":107,"minecraft:diamond_axe":465,"minecraft:blue_bed":1,"minecraft:netherite_leggings":2,"minecraft:loom":1,"minecraft:crossbow":3,"minecraft:shears":37,"minecraft:lever":6,"minecraft:firework_rocket":830,"minecraft:string":107,"minecraft:bread":119,"minecraft:gravel":3,"minecraft:grindstone":3,"minecraft:andesite":15,"minecraft:bone_meal":93,"minecraft:experience_bottle":1,"minecraft:netherite_sword":1499,"minecraft:purpur_block":2,"minecraft:trident":43,"minecraft:flint_and_steel":16,"minecraft:redstone":20,"minecraft:spruce_planks":16,"minecraft:ender_chest":26,"minecraft:stone_hoe":2,"minecraft:dirt":749,"minecraft:white_carpet":1,"minecraft:hopper":75,"minecraft:diamond_helmet":4,"minecraft:shulker_box":67,"minecraft:bee_nest":1,"minecraft:iron_hoe":282,"minecraft:wooden_axe":30,"minecraft:bookshelf":44,"minecraft:crimson_planks":159,"minecraft:golden_carrot":310,"minecraft:emerald_block":11,"minecraft:netherite_pickaxe":27708,"minecraft:minecart":20,"minecraft:iron_leggings":1,"minecraft:glass_bottle":53,"minecraft:netherite_chestplate":50,"minecraft:baked_potato":122,"minecraft:spruce_sign":2,"minecraft:beacon":1,"minecraft:stonecutter":1,"minecraft:green_bed":1,"minecraft:magenta_bed":2,"minecraft:smoker":1,"minecraft:nether_gold_ore":3,"minecraft:piston":17,"minecraft:apple":24,"minecraft:netherite_axe":1516,"minecraft:cobbled_deepslate_slab":405,"minecraft:white_banner":10,"minecraft:pink_shulker_box":206,"minecraft:bucket":229,"minecraft:pumpkin_pie":11,"minecraft:yellow_bed":1,"minecraft:splash_potion":19,"minecraft:smooth_stone":1},"minecraft:dropped":{"minecraft:piston":6,"minecraft:lapis_lazuli":87,"minecraft:cooked_beef":6,"minecraft:glass_bottle":13,"minecraft:diamond":106,"minecraft:cooked_porkchop":10,"minecraft:crossbow":13,"minecraft:weeping_vines":1,"minecraft:cookie":652,"minecraft:saddle":2,"minecraft:elytra":3,"minecraft:rail":33,"minecraft:sentry_armor_trim_smithing_template":1,"minecraft:music_disc_creator_music_box":1,"minecraft:red_carpet":5,"minecraft:item_frame":4,"minecraft:emerald":287,"minecraft:dirt":1363,"minecraft:dark_oak_fence":3,"minecraft:gold_nugget":383,"minecraft:bone_meal":1,"minecraft:sand":319,"minecraft:sugar":11,"minecraft:iron_pickaxe":4,"minecraft:dark_oak_planks":6,"minecraft:white_wool":5,"minecraft:bone":84,"minecraft:compass":12,"minecraft:sugar_cane":19,"minecraft:iron_nugget":8,"minecraft:cooked_chicken":3,"minecraft:cobbled_deepslate":788,"minecraft:birch_sapling":1,"minecraft:netherite_sword":6,"minecraft:wheat":2,"minecraft:obsidian":45,"minecraft:rotten_flesh":1003,"minecraft:oak_planks":48,"minecraft:glowstone_dust":10,"minecraft:nether_brick_fence":10,"minecraft:azure_bluet":1,"minecraft:white_bed":1,"minecraft:salmon":2,"minecraft:tipped_arrow":14,"minecraft:red_candle":3,"minecraft:charcoal":4,"minecraft:hopper":58,"minecraft:glass":1051,"minecraft:lectern":2,"minecraft:cartography_table":1,"minecraft:enchanted_book":2,"minecraft:iron_ingot":341,"minecraft:netherite_pickaxe":2,"minecraft:black_dye":9,"minecraft:wheat_seeds":108,"minecraft:cobblestone":235,"minecraft:feather":1,"minecraft:iron_helmet":1,"minecraft:book":6,"minecraft:apple":192,"minecraft:granite":8,"minecraft:spruce_button":16,"minecraft:coal":44,"minecraft:jungle_slab":15,"minecraft:golden_carrot":78,"minecraft:diamond_helmet":1,"minecraft:potion":8,"minecraft:dried_kelp":9,"minecraft:pumpkin":8,"minecraft:white_banner":1,"minecraft:jungle_boat":1,"minecraft:paper":96,"minecraft:string":2094,"minecraft:spruce_sapling":1,"minecraft:furnace":2,"minecraft:purpur_pillar":3,"minecraft:soul_soil":4,"minecraft:netherite_hoe":1,"minecraft:netherite_ingot":16,"minecraft:stone_sword":2,"minecraft:bowl":5,"minecraft:deepslate":1,"minecraft:chicken":2,"minecraft:white_carpet":131,"minecraft:iron_boots":2,"minecraft:damaged_anvil":1,"minecraft:name_tag":14,"minecraft:cobbled_deepslate_slab":775,"minecraft:nether_bricks":59,"minecraft:oak_sign":1,"minecraft:shears":4,"minecraft:suspicious_stew":21,"minecraft:diamond_sword":4,"minecraft:potato":306,"minecraft:stone":50,"minecraft:flower_pot":1,"minecraft:spruce_planks":11,"minecraft:diamond_pickaxe":3,"minecraft:pink_shulker_box":4,"minecraft:redstone_torch":8,"minecraft:bamboo":3,"minecraft:spider_eye":141,"minecraft:stone_bricks":32,"minecraft:light_gray_dye":12,"minecraft:bow":3,"minecraft:magma_block":18,"minecraft:crimson_nylium":11,"minecraft:soul_sand":1,"minecraft:diamond_axe":4,"minecraft:oak_log":42,"minecraft:baked_potato":42,"minecraft:netherite_upgrade_smithing_template":16,"minecraft:lantern":12,"minecraft:leather":8,"minecraft:jungle_planks":44,"minecraft:flint":48,"minecraft:netherite_scrap":25,"minecraft:brush":1,"minecraft:dispenser":13,"minecraft:cornflower":1,"minecraft:crimson_roots":9,"minecraft:seagrass":3,"minecraft:snowball":75,"minecraft:pumpkin_pie":172,"minecraft:gold_ingot":19,"minecraft:gravel":59,"minecraft:purpur_block":30,"minecraft:blackstone":105,"minecraft:diamond_shovel":1,"minecraft:honey_bottle":2,"minecraft:carrot":178,"minecraft:shulker_shell":1,"minecraft:poppy":8,"minecraft:trident":2,"minecraft:gunpowder":15,"minecraft:beetroot_seeds":3,"minecraft:stone_brick_wall":1,"minecraft:chest":3,"minecraft:spire_armor_trim_smithing_template":11,"minecraft:basalt":38,"minecraft:arrow":96,"minecraft:quartz":201,"minecraft:scaffolding":176,"minecraft:splash_potion":1,"minecraft:netherrack":5305,"minecraft:firework_rocket":109,"minecraft:water_bucket":6,"minecraft:stone_hoe":26,"minecraft:bread":674,"minecraft:oak_slab":1,"minecraft:mossy_cobblestone":1,"minecraft:minecart":173,"minecraft:diamond_leggings":1,"minecraft:poisonous_potato":6,"minecraft:lead":2,"minecraft:observer":13,"minecraft:hopper_minecart":2,"minecraft:ominous_trial_key":1,"minecraft:grass_block":1,"minecraft:stick":185,"minecraft:iron_block":88,"minecraft:nether_gold_ore":6,"minecraft:diorite":1,"minecraft:brewing_stand":1,"minecraft:torch":10,"minecraft:nether_wart_block":4,"minecraft:fire_charge":2,"minecraft:iron_axe":10,"minecraft:bucket":16,"minecraft:dandelion":4,"minecraft:redstone_block":1,"minecraft:redstone":151,"minecraft:oak_trapdoor":1,"minecraft:raw_copper":6,"minecraft:tuff":169,"minecraft:composter":1,"minecraft:raw_iron":7,"minecraft:wither_skeleton_skull":1,"minecraft:totem_of_undying":2,"minecraft:shulker_box":1,"minecraft:red_terracotta":7,"minecraft:flint_and_steel":3,"minecraft:diamond_chestplate":4,"minecraft:iron_chestplate":1,"minecraft:andesite":7,"minecraft:golden_leggings":2,"minecraft:golden_sword":165,"minecraft:diamond_boots":3,"minecraft:spruce_log":6,"minecraft:wooden_pickaxe":1,"minecraft:raw_gold":4,"minecraft:nether_quartz_ore":6,"minecraft:brick":30},"minecraft:crafted":{"minecraft:black_dye":12,"minecraft:smooth_stone":12,"minecraft:blaze_powder":12,"minecraft:chain":41,"minecraft:loom":1,"minecraft:lever":1,"minecraft:diamond_shovel":4,"minecraft:bookshelf":51,"minecraft:shulker_box":13,"minecraft:glass":120,"minecraft:diamond_helmet":4,"minecraft:diamond_leggings":4,"minecraft:stone_pressure_plate":2,"minecraft:dried_kelp_block":144,"minecraft:name_tag":13,"minecraft:glass_bottle":63,"minecraft:emerald":4842,"minecraft:cooked_porkchop":3,"minecraft:diamond_axe":8,"minecraft:jungle_boat":1,"minecraft:smithing_table":1,"minecraft:copper_ingot":52,"minecraft:lectern":8,"minecraft:stone_slab":8,"minecraft:compass":12,"minecraft:iron_pickaxe":6,"minecraft:iron_block":84,"minecraft:gold_ingot":195,"minecraft:light_gray_dye":6,"minecraft:netherite_ingot":34,"minecraft:golden_carrot":377,"minecraft:iron_nugget":144,"minecraft:diamond_hoe":2,"minecraft:bone_meal":510,"minecraft:spruce_fence":288,"minecraft:pink_dye":74,"minecraft:white_carpet":288,"minecraft:lantern":12,"minecraft:detector_rail":6,"minecraft:stone_pickaxe":1,"minecraft:diamond_boots":5,"minecraft:redstone_block":7,"minecraft:enchanted_book":90,"minecraft:jungle_slab":48,"minecraft:wooden_axe":1,"minecraft:iron_shovel":1,"minecraft:iron_leggings":1,"minecraft:white_bed":29,"minecraft:oak_planks":184,"minecraft:pink_shulker_box":13,"minecraft:stone":16,"minecraft:spruce_pressure_plate":34,"minecraft:suspicious_stew":22,"minecraft:cake":12,"minecraft:hopper":134,"minecraft:bow":14,"minecraft:iron_boots":1,"minecraft:comparator":10,"minecraft:chest":245,"minecraft:rail":112,"minecraft:stone_hoe":24,"minecraft:spire_armor_trim_smithing_template":14,"minecraft:smoker":1,"minecraft:dropper":6,"minecraft:crafting_table":4,"minecraft:spruce_planks":2820,"minecraft:iron_helmet":2,"minecraft:wooden_pickaxe":2,"minecraft:baked_potato":228,"minecraft:brush":4,"minecraft:hopper_minecart":2,"minecraft:birch_planks":20,"minecraft:brewing_stand":2,"minecraft:dispenser":13,"minecraft:tnt":16,"minecraft:apple":256,"minecraft:spruce_trapdoor":26,"minecraft:iron_chestplate":2,"minecraft:paper":882,"minecraft:diamond_pickaxe":19,"minecraft:charcoal":207,"minecraft:emerald_block":11,"minecraft:shield":4,"minecraft:stick":796,"minecraft:iron_ingot":57,"minecraft:redstone_torch":48,"minecraft:shears":5,"minecraft:cookie":648,"minecraft:cobbled_deepslate_slab":936,"minecraft:redstone":63,"minecraft:spruce_button":21,"minecraft:furnace":44,"minecraft:blast_furnace":2,"minecraft:piston":7,"minecraft:flint_and_steel":1,"minecraft:netherite_chestplate":1,"minecraft:iron_axe":1,"minecraft:iron_hoe":1,"minecraft:netherite_scrap":87,"minecraft:observer":14,"minecraft:minecart":104,"minecraft:red_dye":19,"minecraft:crimson_planks":428,"minecraft:diamond_sword":3,"minecraft:spruce_sign":33,"minecraft:powered_rail":18,"minecraft:bucket":24,"minecraft:air":0,"minecraft:bread":660,"minecraft:jungle_planks":712,"minecraft:white_wool":512,"minecraft:white_dye":64,"minecraft:stonecutter":1,"minecraft:anvil":4,"minecraft:pink_banner":1,"minecraft:pumpkin_pie":144,"minecraft:torch":312,"minecraft:diamond_chestplate":5,"minecraft:firework_rocket":1977},"minecraft:picked_up":{"minecraft:wooden_axe":1,"minecraft:seagrass":3,"minecraft:iron_chestplate":1,"minecraft:suspicious_stew":4,"minecraft:flower_pot":1,"minecraft:anvil":7,"minecraft:smithing_table":1,"minecraft:lead":4,"minecraft:diamond_sword":5,"minecraft:enchanted_book":12,"minecraft:brewing_stand":1,"minecraft:golden_sword":3,"minecraft:string":19488,"minecraft:soul_soil":4,"minecraft:shroomlight":7,"minecraft:beetroot":1,"minecraft:diamond_leggings":5,"minecraft:gold_nugget":133,"minecraft:cobbled_deepslate":1836,"minecraft:spruce_planks":9,"minecraft:trial_key":7,"minecraft:netherite_upgrade_smithing_template":1,"minecraft:spruce_pressure_plate":8,"minecraft:composter":1,"minecraft:purpur_pillar":6,"minecraft:green_bed":1,"minecraft:black_dye":9,"minecraft:stone_sword":2,"minecraft:honey_bottle":2,"minecraft:iron_block":102,"minecraft:end_rod":3,"minecraft:netherite_chestplate":3,"minecraft:blaze_rod":14,"minecraft:snowball":95,"minecraft:birch_log":10,"minecraft:magma_block":7697,"minecraft:feather":5,"minecraft:cooked_beef":6,"minecraft:water_bucket":10,"minecraft:jungle_log":187,"minecraft:flint":50,"minecraft:magenta_bed":2,"minecraft:netherite_leggings":3,"minecraft:lantern":12,"minecraft:guster_banner_pattern":1,"minecraft:glowstone_dust":56,"minecraft:diamond_helmet":8,"minecraft:dropper":11,"minecraft:ink_sac":12,"minecraft:red_terracotta":7,"minecraft:barrel":7,"minecraft:deepslate":1,"minecraft:lever":5,"minecraft:granite":43,"minecraft:bread":201,"minecraft:dark_oak_fence":3,"minecraft:bricks":1,"minecraft:ominous_trial_key":3,"minecraft:diamond_pickaxe":6,"minecraft:crimson_roots":38,"minecraft:crafting_table":12,"minecraft:bee_nest":1,"minecraft:ominous_bottle":5,"minecraft:nether_wart":143,"minecraft:music_disc_creator":1,"minecraft:purpur_block":8,"minecraft:wind_charge":22,"minecraft:cornflower":1,"minecraft:red_bed":1,"minecraft:elytra":13,"minecraft:flint_and_steel":2,"minecraft:netherite_scrap":147,"minecraft:white_carpet":36,"minecraft:iron_shovel":1,"minecraft:cartography_table":1,"minecraft:netherite_sword":10,"minecraft:deepslate_diamond_ore":1,"minecraft:beef":3,"minecraft:chiseled_tuff":1,"minecraft:jungle_sapling":6,"minecraft:poppy":36,"minecraft:minecart":88,"minecraft:chest":55,"minecraft:birch_sapling":1,"minecraft:piston":17,"minecraft:diamond_hoe":3,"minecraft:egg":2,"minecraft:stone":549,"minecraft:fire_charge":2,"minecraft:carrot":761,"minecraft:redstone":505,"minecraft:netherite_pickaxe":8,"minecraft:music_disc_creator_music_box":1,"minecraft:diamond_chestplate":7,"minecraft:beetroot_seeds":3,"minecraft:shears":1,"minecraft:diamond_boots":5,"minecraft:flow_armor_trim_smithing_template":1,"minecraft:gold_ingot":27,"minecraft:totem_of_undying":22,"minecraft:tuff_bricks":12,"minecraft:mutton":11,"minecraft:white_wool":17,"minecraft:rail":103,"minecraft:emerald_ore":1,"minecraft:oxeye_daisy":3,"minecraft:stripped_oak_log":8,"minecraft:tripwire_hook":6,"minecraft:oak_log":44,"minecraft:ancient_debris":245,"minecraft:golden_boots":1,"minecraft:blue_bed":1,"minecraft:paper":82,"minecraft:white_banner":20,"minecraft:apple":24,"minecraft:stone_bricks":32,"minecraft:kelp":825,"minecraft:stone_pickaxe":2,"minecraft:glass_bottle":9,"minecraft:gravel":115,"minecraft:spruce_sapling":93,"minecraft:spruce_log":1065,"minecraft:polished_tuff":2,"minecraft:dragon_egg":1,"minecraft:firework_rocket":489,"minecraft:diamond_shovel":6,"minecraft:slime_ball":170,"minecraft:diamond_axe":8,"minecraft:baked_potato":205,"minecraft:crimson_nylium":11,"minecraft:hopper":5,"minecraft:ender_pearl":9,"minecraft:shulker_shell":28,"minecraft:wheat":79,"minecraft:ender_chest":32,"minecraft:redstone_block":2,"minecraft:nether_brick_fence":13,"minecraft:potion":14,"minecraft:crimson_planks":114,"minecraft:raw_copper":67,"minecraft:iron_leggings":2,"minecraft:red_candle":3,"minecraft:netherite_ingot":2,"minecraft:pink_shulker_box":206,"minecraft:oak_sign":1,"minecraft:smooth_stone":1,"minecraft:bucket":2,"minecraft:eye_armor_trim_smithing_template":7,"minecraft:cobblestone_slab":2,"minecraft:ender_eye":2,"minecraft:iron_pickaxe":3,"minecraft:furnace":17,"minecraft:tipped_arrow":62,"minecraft:stick":65,"minecraft:torch":11,"minecraft:porkchop":25,"minecraft:dried_kelp":5,"minecraft:netherite_shovel":1,"minecraft:diorite":65,"minecraft:nether_gold_ore":9,"minecraft:rotten_flesh":67,"minecraft:obsidian":187,"minecraft:cobblestone":1324,"minecraft:magma_cream":24,"minecraft:andesite":22,"minecraft:golden_leggings":2,"minecraft:beacon":1,"minecraft:potato":1089,"minecraft:tuff":180,"minecraft:wither_skeleton_skull":4,"minecraft:lapis_lazuli":143,"minecraft:dirt":1788,"minecraft:name_tag":14,"minecraft:glass":725,"minecraft:bone":129,"minecraft:bow":6,"minecraft:wheat_seeds":277,"minecraft:raw_gold":174,"minecraft:cobbled_deepslate_slab":371,"minecraft:grindstone":3,"minecraft:netherite_axe":3,"minecraft:bamboo":3,"minecraft:scrape_pottery_sherd":3,"minecraft:oak_planks":53,"minecraft:stone_hoe":2,"minecraft:cooked_porkchop":14,"minecraft:poisonous_potato":6,"minecraft:sand":1857,"minecraft:waxed_chiseled_copper":1,"minecraft:jungle_planks":311,"minecraft:grass_block":1,"minecraft:jungle_slab":51,"minecraft:shulker_box":68,"minecraft:mossy_cobblestone":1,"minecraft:sugar":9,"minecraft:diamond":889,"minecraft:netherite_helmet":3,"minecraft:crossbow":13,"minecraft:breeze_rod":21,"minecraft:bone_meal":1,"minecraft:golden_apple":4,"minecraft:emerald":380,"minecraft:oak_sapling":1,"minecraft:netherrack":7711,"minecraft:charcoal":2,"minecraft:azure_bluet":5,"minecraft:chicken":2,"minecraft:packed_ice":569,"minecraft:wooden_pickaxe":1,"minecraft:pink_wool":6,"minecraft:gold_block":43,"minecraft:diamond_horse_armor":1,"minecraft:brick":30,"minecraft:shield":6,"minecraft:oak_trapdoor":2,"minecraft:iron_axe":12,"minecraft:item_frame":6,"minecraft:blackstone":244,"minecraft:spire_armor_trim_smithing_template":6,"minecraft:lectern":336,"minecraft:sugar_cane":1030,"minecraft:raw_iron":67,"minecraft:cookie":4,"minecraft:trident":2,"minecraft:dark_oak_planks":6,"minecraft:weeping_vines":24,"minecraft:arrow":334,"minecraft:pumpkin_pie":39,"minecraft:nether_bricks":72,"minecraft:saddle":9,"minecraft:brick_stairs":1,"minecraft:netherite_boots":3,"minecraft:jungle_boat":4,"minecraft:basalt":74,"minecraft:golden_carrot":116,"minecraft:crimson_stem":123,"minecraft:salmon":2,"minecraft:leather":11,"minecraft:crimson_fungus":8,"minecraft:waxed_copper_block":2,"minecraft:yellow_bed":3,"minecraft:nether_wart_block":296,"minecraft:gunpowder":8,"minecraft:red_carpet":5,"minecraft:iron_ingot":463,"minecraft:cooked_chicken":3,"minecraft:soul_sand":65,"minecraft:book":559,"minecraft:scaffolding":263,"minecraft:oak_slab":10,"minecraft:nether_quartz_ore":9,"minecraft:emerald_block":26,"minecraft:pumpkin":8,"minecraft:quartz":371,"minecraft:dandelion":7,"minecraft:blast_furnace":13,"minecraft:white_bed":17,"minecraft:spider_eye":141,"minecraft:iron_helmet":1,"minecraft:damaged_anvil":1,"minecraft:netherite_hoe":1,"minecraft:chiseled_tuff_bricks":1,"minecraft:coal":459},"minecraft:killed":{"minecraft:shulker":48,"minecraft:skeleton":34,"minecraft:chicken":1,"minecraft:cat":3,"minecraft:magma_cube":48,"minecraft:iron_golem":4,"minecraft:pillager":61,"minecraft:zombie":25,"minecraft:cow":2,"minecraft:evoker":14,"minecraft:endermite":2,"minecraft:vindicator":57,"minecraft:horse":3,"minecraft:wandering_trader":3,"minecraft:ravager":9,"minecraft:breeze":4,"minecraft:enderman":2,"minecraft:zombified_piglin":7,"minecraft:witch":19,"minecraft:spider":41,"minecraft:turtle":1,"minecraft:piglin":14,"minecraft:pig":3,"minecraft:zombie_villager":1,"minecraft:creeper":4,"minecraft:sheep":12,"minecraft:trader_llama":6,"minecraft:stray":1,"minecraft:blaze":6,"minecraft:vex":9,"minecraft:slime":83,"minecraft:hoglin":4,"minecraft:squid":4,"minecraft:wither_skeleton":14,"minecraft:villager":7}},"DataVersion":3953}