{"stats":{"minecraft:broken":{"minecraft:iron_hoe":1,"minecraft:iron_pickaxe":2},"minecraft:mined":{"minecraft:white_bed":13,"minecraft:farmland":2,"minecraft:jungle_slab":3,"minecraft:brewing_stand":1,"minecraft:obsidian":5,"minecraft:granite":28,"minecraft:grass_block":307,"minecraft:jungle_log":15,"minecraft:chiseled_tuff_bricks":1,"minecraft:hopper":3,"minecraft:crimson_fungus":1,"minecraft:tuff_bricks":12,"minecraft:spawner":1,"minecraft:weeping_vines_plant":17,"minecraft:magma_block":6,"minecraft:iron_ore":49,"minecraft:cobbled_deepslate":1,"minecraft:fire":49,"minecraft:barrel":5,"minecraft:polished_tuff":2,"minecraft:anvil":4,"minecraft:azure_bluet":1,"minecraft:dirt_path":1,"minecraft:oak_stairs":1,"minecraft:tripwire":29,"minecraft:blackstone":73,"minecraft:crimson_nylium":67,"minecraft:poppy":1,"minecraft:chest":7,"minecraft:nether_quartz_ore":23,"minecraft:glass":1,"minecraft:cobblestone":115,"minecraft:grindstone":2,"minecraft:sugar_cane":78,"minecraft:oak_planks":30,"minecraft:waxed_chiseled_copper":1,"minecraft:deepslate_copper_ore":3,"minecraft:seagrass":1,"minecraft:nether_wart_block":201,"minecraft:birch_log":5,"minecraft:wheat":28,"minecraft:waxed_copper_block":2,"minecraft:purpur_block":6,"minecraft:oak_log":28,"minecraft:beetroots":1,"minecraft:sand":267,"minecraft:dirt":185,"minecraft:crimson_planks":9,"minecraft:tripwire_hook":4,"minecraft:netherrack":5388,"minecraft:ancient_debris":76,"minecraft:piston":10,"minecraft:oak_leaves":11,"minecraft:deepslate":897,"minecraft:nether_gold_ore":14,"minecraft:diamond_ore":3,"minecraft:tuff":31,"minecraft:deepslate_diamond_ore":44,"minecraft:shulker_box":3,"minecraft:lever":5,"minecraft:nether_bricks":12,"minecraft:cobbled_deepslate_slab":21,"minecraft:jungle_planks":13,"minecraft:crimson_roots":26,"minecraft:weeping_vines":6,"minecraft:redstone_wire":16,"minecraft:crimson_stem":127,"minecraft:redstone_ore":8,"minecraft:furnace":8,"minecraft:carrots":58,"minecraft:jungle_sapling":1,"minecraft:andesite":12,"minecraft:chiseled_tuff":1,"minecraft:nether_brick_fence":6,"minecraft:bookshelf":8,"minecraft:potatoes":97,"minecraft:shroomlight":8,"minecraft:cobblestone_slab":1,"minecraft:vine":11,"minecraft:rail":7,"minecraft:stripped_oak_log":4,"minecraft:stone":427,"minecraft:oak_slab":4,"minecraft:scaffolding":24,"minecraft:soul_sand":9,"minecraft:basalt":1,"minecraft:crafting_table":8,"minecraft:short_grass":62,"minecraft:dropper":11,"minecraft:lectern":35,"minecraft:purpur_pillar":4,"minecraft:tall_grass":8,"minecraft:deepslate_gold_ore":9,"minecraft:diorite":59,"minecraft:birch_leaves":3,"minecraft:yellow_bed":1,"minecraft:coal_ore":19,"minecraft:end_rod":2,"minecraft:gravel":74},"minecraft:killed_by":{"minecraft:piglin":1,"minecraft:zombie":2},"minecraft:custom":{"minecraft:animals_bred":4,"minecraft:interact_with_crafting_table":91,"minecraft:open_barrel":5,"minecraft:open_shulker_box":7,"minecraft:leave_game":29,"minecraft:time_since_death":116019,"minecraft:sprint_one_cm":1198155,"minecraft:damage_blocked_by_shield":1845,"minecraft:drop":244,"minecraft:talked_to_villager":362,"minecraft:play_time":659003,"minecraft:deaths":9,"minecraft:jump":9612,"minecraft:walk_on_water_one_cm":158562,"minecraft:interact_with_furnace":71,"minecraft:traded_with_villager":1708,"minecraft:sleep_in_bed":30,"minecraft:open_enderchest":1,"minecraft:damage_dealt":17723,"minecraft:player_kills":8,"minecraft:crouch_one_cm":74268,"minecraft:inspect_dispenser":1,"minecraft:interact_with_smithing_table":2,"minecraft:inspect_dropper":10,"minecraft:interact_with_anvil":33,"minecraft:mob_kills":73,"minecraft:inspect_hopper":10,"minecraft:climb_one_cm":302192,"minecraft:walk_one_cm":1064165,"minecraft:sneak_time":25378,"minecraft:walk_under_water_one_cm":47340,"minecraft:boat_one_cm":4826,"minecraft:total_world_time":659003,"minecraft:interact_with_grindstone":1,"minecraft:time_since_rest":6209,"minecraft:damage_taken":12053,"minecraft:swim_one_cm":218356,"minecraft:fly_one_cm":1889091,"minecraft:open_chest":399,"minecraft:aviate_one_cm":1124383,"minecraft:fall_one_cm":234912},"minecraft:used":{"minecraft:tuff_bricks":4,"minecraft:nether_brick_fence":3,"minecraft:iron_shovel":35,"minecraft:elytra":2,"minecraft:diamond_hoe":13,"minecraft:chest":37,"minecraft:shield":24,"minecraft:rotten_flesh":1,"minecraft:iron_chestplate":1,"minecraft:mutton":1,"minecraft:jungle_planks":17,"minecraft:nether_bricks":11,"minecraft:carrot":135,"minecraft:jungle_slab":2,"minecraft:weeping_vines":5,"minecraft:jungle_sapling":3,"minecraft:glass":8,"minecraft:magma_block":2,"minecraft:scaffolding":199,"minecraft:furnace":8,"minecraft:potato":116,"minecraft:end_rod":2,"minecraft:diorite":34,"minecraft:diamond_boots":2,"minecraft:dropper":11,"minecraft:oak_planks":29,"minecraft:stone_pickaxe":111,"minecraft:blackstone":1,"minecraft:wooden_pickaxe":27,"minecraft:diamond_axe":444,"minecraft:purpur_pillar":3,"minecraft:jungle_boat":4,"minecraft:cookie":10,"minecraft:sand":9,"minecraft:shears":34,"minecraft:lever":6,"minecraft:firework_rocket":38,"minecraft:string":96,"minecraft:bread":119,"minecraft:lectern":35,"minecraft:gravel":3,"minecraft:nether_wart_block":104,"minecraft:diamond_sword":182,"minecraft:grindstone":2,"minecraft:smithing_table":1,"minecraft:andesite":7,"minecraft:bone_meal":33,"minecraft:flint_and_steel":1,"minecraft:redstone":20,"minecraft:netherrack":305,"minecraft:anvil":6,"minecraft:dirt":267,"minecraft:hopper":3,"minecraft:shulker_box":3,"minecraft:diamond_helmet":4,"minecraft:iron_hoe":282,"minecraft:wooden_axe":30,"minecraft:bookshelf":8,"minecraft:iron_axe":26,"minecraft:crimson_planks":159,"minecraft:barrel":6,"minecraft:tripwire_hook":6,"minecraft:diamond_chestplate":5,"minecraft:basalt":1,"minecraft:golden_carrot":31,"minecraft:beef":2,"minecraft:cobbled_deepslate":76,"minecraft:observer":1,"minecraft:iron_leggings":1,"minecraft:crimson_stem":16,"minecraft:wheat_seeds":68,"minecraft:water_bucket":82,"minecraft:baked_potato":4,"minecraft:rail":3,"minecraft:oak_slab":4,"minecraft:crafting_table":11,"minecraft:white_bed":25,"minecraft:piston":14,"minecraft:diamond_pickaxe":6786,"minecraft:apple":24,"minecraft:diamond_shovel":802,"minecraft:iron_pickaxe":601,"minecraft:cobblestone":301,"minecraft:potion":2,"minecraft:cobbled_deepslate_slab":405,"minecraft:cooked_porkchop":2,"minecraft:bucket":89,"minecraft:yellow_bed":1,"minecraft:diamond_leggings":2,"minecraft:smooth_stone":1},"minecraft:dropped":{"minecraft:diamond_axe":3,"minecraft:oak_log":4,"minecraft:glass_bottle":2,"minecraft:weeping_vines":1,"minecraft:leather":1,"minecraft:jungle_planks":5,"minecraft:rail":15,"minecraft:emerald":56,"minecraft:dirt":554,"minecraft:netherite_scrap":11,"minecraft:dispenser":13,"minecraft:crimson_roots":4,"minecraft:gold_nugget":1,"minecraft:bone_meal":1,"minecraft:sand":256,"minecraft:iron_pickaxe":4,"minecraft:white_wool":5,"minecraft:gold_ingot":13,"minecraft:gravel":57,"minecraft:purpur_block":6,"minecraft:blackstone":64,"minecraft:sugar_cane":6,"minecraft:cobbled_deepslate":50,"minecraft:wheat":2,"minecraft:birch_sapling":1,"minecraft:rotten_flesh":21,"minecraft:oak_planks":4,"minecraft:nether_brick_fence":2,"minecraft:azure_bluet":1,"minecraft:poppy":7,"minecraft:beetroot_seeds":3,"minecraft:hopper":9,"minecraft:chest":1,"minecraft:arrow":1,"minecraft:scaffolding":87,"minecraft:cartography_table":1,"minecraft:netherrack":887,"minecraft:water_bucket":6,"minecraft:stone_hoe":24,"minecraft:iron_ingot":114,"minecraft:bread":64,"minecraft:wheat_seeds":82,"minecraft:minecart":1,"minecraft:poisonous_potato":2,"minecraft:cobblestone":111,"minecraft:observer":13,"minecraft:coal":17,"minecraft:stick":1,"minecraft:jungle_slab":7,"minecraft:diorite":1,"minecraft:brewing_stand":1,"minecraft:torch":9,"minecraft:fire_charge":2,"minecraft:iron_axe":1,"minecraft:paper":72,"minecraft:string":73,"minecraft:bucket":16,"minecraft:redstone":48,"minecraft:purpur_pillar":3,"minecraft:oak_trapdoor":1,"minecraft:raw_copper":4,"minecraft:tuff":58,"minecraft:composter":1,"minecraft:raw_iron":7,"minecraft:iron_boots":2,"minecraft:cobbled_deepslate_slab":775,"minecraft:oak_sign":1,"minecraft:shears":3,"minecraft:diamond_sword":3,"minecraft:potato":55,"minecraft:diamond_chestplate":1,"minecraft:diamond_pickaxe":2,"minecraft:redstone_torch":8,"minecraft:spider_eye":3,"minecraft:stone_bricks":32,"minecraft:diamond_boots":2,"minecraft:wooden_pickaxe":1,"minecraft:raw_gold":4},"minecraft:crafted":{"minecraft:oak_planks":132,"minecraft:stone":4,"minecraft:diamond_shovel":3,"minecraft:lever":1,"minecraft:bookshelf":8,"minecraft:shulker_box":2,"minecraft:glass":8,"minecraft:hopper":9,"minecraft:diamond_helmet":2,"minecraft:bow":13,"minecraft:diamond_leggings":2,"minecraft:iron_boots":1,"minecraft:chest":39,"minecraft:stone_hoe":24,"minecraft:dropper":6,"minecraft:emerald":1586,"minecraft:cooked_porkchop":3,"minecraft:diamond_axe":6,"minecraft:crafting_table":4,"minecraft:jungle_boat":1,"minecraft:baked_potato":24,"minecraft:wooden_pickaxe":2,"minecraft:iron_helmet":1,"minecraft:smithing_table":1,"minecraft:birch_planks":20,"minecraft:dispenser":13,"minecraft:iron_chestplate":2,"minecraft:paper":135,"minecraft:diamond_pickaxe":16,"minecraft:shield":2,"minecraft:stick":84,"minecraft:iron_ingot":42,"minecraft:iron_pickaxe":6,"minecraft:iron_block":6,"minecraft:gold_ingot":15,"minecraft:redstone_torch":13,"minecraft:netherite_ingot":1,"minecraft:shears":4,"minecraft:golden_carrot":31,"minecraft:cobbled_deepslate_slab":936,"minecraft:diamond_hoe":1,"minecraft:furnace":2,"minecraft:piston":5,"minecraft:bone_meal":192,"minecraft:iron_axe":1,"minecraft:iron_hoe":1,"minecraft:stone_pickaxe":1,"minecraft:diamond_boots":3,"minecraft:netherite_scrap":76,"minecraft:observer":14,"minecraft:crimson_planks":428,"minecraft:diamond_sword":1,"minecraft:bucket":23,"minecraft:enchanted_book":18,"minecraft:jungle_slab":6,"minecraft:bread":180,"minecraft:air":0,"minecraft:jungle_planks":488,"minecraft:white_wool":128,"minecraft:wooden_axe":1,"minecraft:iron_shovel":1,"minecraft:iron_leggings":1,"minecraft:anvil":2,"minecraft:white_bed":29,"minecraft:diamond_chestplate":3},"minecraft:picked_up":{"minecraft:shulker_shell":5,"minecraft:wheat":57,"minecraft:nether_brick_fence":5,"minecraft:anvil":4,"minecraft:lead":1,"minecraft:diamond_sword":4,"minecraft:potion":2,"minecraft:enchanted_book":5,"minecraft:crimson_planks":114,"minecraft:brewing_stand":1,"minecraft:string":16861,"minecraft:raw_copper":13,"minecraft:iron_leggings":2,"minecraft:netherite_ingot":2,"minecraft:shroomlight":7,"minecraft:oak_sign":1,"minecraft:beetroot":1,"minecraft:diamond_leggings":3,"minecraft:cobbled_deepslate":1074,"minecraft:gold_nugget":111,"minecraft:smooth_stone":1,"minecraft:bucket":2,"minecraft:eye_armor_trim_smithing_template":2,"minecraft:cobblestone_slab":2,"minecraft:ender_eye":2,"minecraft:iron_pickaxe":3,"minecraft:furnace":11,"minecraft:stick":11,"minecraft:composter":1,"minecraft:torch":6,"minecraft:purpur_pillar":6,"minecraft:porkchop":25,"minecraft:diorite":65,"minecraft:rotten_flesh":32,"minecraft:end_rod":2,"minecraft:obsidian":5,"minecraft:cobblestone":756,"minecraft:birch_log":10,"minecraft:magma_block":2,"minecraft:andesite":7,"minecraft:water_bucket":7,"minecraft:jungle_log":131,"minecraft:potato":365,"minecraft:flint":1,"minecraft:tuff":69,"minecraft:dirt":503,"minecraft:bone":3,"minecraft:wheat_seeds":192,"minecraft:raw_gold":14,"minecraft:cobbled_deepslate_slab":371,"minecraft:grindstone":2,"minecraft:diamond_helmet":6,"minecraft:oak_planks":46,"minecraft:cooked_porkchop":4,"minecraft:poisonous_potato":2,"minecraft:waxed_chiseled_copper":1,"minecraft:dropper":11,"minecraft:jungle_planks":303,"minecraft:sand":265,"minecraft:shulker_box":3,"minecraft:jungle_slab":3,"minecraft:barrel":5,"minecraft:diamond":88,"minecraft:lever":5,"minecraft:granite":35,"minecraft:bone_meal":1,"minecraft:emerald":79,"minecraft:bread":82,"minecraft:oak_sapling":1,"minecraft:netherrack":2049,"minecraft:crimson_roots":33,"minecraft:diamond_pickaxe":4,"minecraft:crafting_table":10,"minecraft:azure_bluet":2,"minecraft:wooden_pickaxe":1,"minecraft:diamond_horse_armor":1,"minecraft:purpur_block":6,"minecraft:shield":1,"minecraft:oak_trapdoor":1,"minecraft:elytra":2,"minecraft:iron_axe":1,"minecraft:flint_and_steel":1,"minecraft:netherite_scrap":72,"minecraft:iron_shovel":1,"minecraft:blackstone":193,"minecraft:cartography_table":1,"minecraft:beef":3,"minecraft:chiseled_tuff":1,"minecraft:jungle_sapling":6,"minecraft:poppy":16,"minecraft:minecart":1,"minecraft:lectern":35,"minecraft:sugar_cane":163,"minecraft:chest":13,"minecraft:birch_sapling":1,"minecraft:diamond_hoe":3,"minecraft:piston":11,"minecraft:raw_iron":67,"minecraft:fire_charge":2,"minecraft:carrot":200,"minecraft:redstone":149,"minecraft:diamond_chestplate":5,"minecraft:weeping_vines":24,"minecraft:arrow":1,"minecraft:beetroot_seeds":3,"minecraft:nether_bricks":11,"minecraft:shears":1,"minecraft:diamond_boots":4,"minecraft:gold_ingot":26,"minecraft:tuff_bricks":12,"minecraft:mutton":11,"minecraft:rail":18,"minecraft:white_wool":17,"minecraft:stripped_oak_log":4,"minecraft:jungle_boat":4,"minecraft:basalt":1,"minecraft:golden_carrot":5,"minecraft:tripwire_hook":6,"minecraft:crimson_stem":123,"minecraft:leather":6,"minecraft:crimson_fungus":8,"minecraft:oak_log":33,"minecraft:waxed_copper_block":2,"minecraft:ancient_debris":78,"minecraft:yellow_bed":3,"minecraft:golden_boots":1,"minecraft:nether_wart_block":292,"minecraft:paper":82,"minecraft:apple":24,"minecraft:stone_bricks":32,"minecraft:iron_ingot":170,"minecraft:stone_pickaxe":1,"minecraft:book":42,"minecraft:scaffolding":161,"minecraft:oak_slab":4,"minecraft:quartz":149,"minecraft:dandelion":3,"minecraft:gravel":113,"minecraft:white_bed":16,"minecraft:spider_eye":3,"minecraft:polished_tuff":2,"minecraft:firework_rocket":162,"minecraft:diamond_shovel":4,"minecraft:iron_helmet":1,"minecraft:diamond_axe":6,"minecraft:chiseled_tuff_bricks":1,"minecraft:coal":72,"minecraft:hopper":3,"minecraft:wooden_axe":1},"minecraft:killed":{"minecraft:spider":1,"minecraft:shulker":14,"minecraft:skeleton":4,"minecraft:piglin":6,"minecraft:pig":2,"minecraft:zombie_villager":1,"minecraft:iron_golem":4,"minecraft:creeper":2,"minecraft:sheep":8,"minecraft:trader_llama":2,"minecraft:zombie":14,"minecraft:cow":1,"minecraft:horse":3,"minecraft:wandering_trader":1,"minecraft:hoglin":1,"minecraft:wither_skeleton":1,"minecraft:villager":1}},"DataVersion":3953}