{"stats":{"minecraft:mined":{"minecraft:short_grass":6,"minecraft:oak_log":6,"minecraft:birch_leaves":2,"minecraft:oak_leaves":5},"minecraft:dropped":{"minecraft:wheat_seeds":1},"minecraft:picked_up":{"minecraft:oak_log":6,"minecraft:wheat_seeds":1},"minecraft:custom":{"minecraft:jump":97,"minecraft:time_since_rest":3667,"minecraft:damage_dealt":200,"minecraft:damage_taken":330,"minecraft:crouch_one_cm":1340,"minecraft:leave_game":3,"minecraft:play_time":6736,"minecraft:sprint_one_cm":7906,"minecraft:time_since_death":3642,"minecraft:walk_one_cm":7575,"minecraft:deaths":1,"minecraft:sneak_time":819,"minecraft:total_world_time":6736,"minecraft:mob_kills":1,"minecraft:drop":1,"minecraft:fall_one_cm":3306,"minecraft:fly_one_cm":9440}},"DataVersion":3953}