{"stats":{"minecraft:used":{"minecraft:wooden_axe":28,"minecraft:bread":6,"minecraft:stone_pickaxe":111,"minecraft:iron_pickaxe":96,"minecraft:shield":4,"minecraft:wooden_pickaxe":14,"minecraft:rotten_flesh":1,"minecraft:cobblestone":6,"minecraft:crafting_table":4,"minecraft:furnace":2},"minecraft:mined":{"minecraft:furnace":2,"minecraft:iron_ore":31,"minecraft:birch_log":5,"minecraft:birch_leaves":3,"minecraft:crafting_table":4,"minecraft:granite":7,"minecraft:short_grass":6,"minecraft:coal_ore":13,"minecraft:grass_block":3,"minecraft:oak_log":6,"minecraft:dirt":6,"minecraft:cobblestone":1,"minecraft:stone":151,"minecraft:diorite":6,"minecraft:oak_leaves":9,"minecraft:spawner":1},"minecraft:crafted":{"minecraft:oak_planks":24,"minecraft:shield":1,"minecraft:crafting_table":1,"minecraft:stick":12,"minecraft:iron_pickaxe":1,"minecraft:iron_ingot":13,"minecraft:wooden_pickaxe":1,"minecraft:stone_pickaxe":1,"minecraft:wooden_axe":1,"minecraft:furnace":2,"minecraft:air":0},"minecraft:dropped":{"minecraft:wheat_seeds":1},"minecraft:picked_up":{"minecraft:wooden_axe":1,"minecraft:birch_log":10,"minecraft:stick":4,"minecraft:raw_iron":49,"minecraft:crafting_table":5,"minecraft:wooden_pickaxe":1,"minecraft:oak_log":8,"minecraft:diorite":12,"minecraft:shield":1,"minecraft:dirt":18,"minecraft:rotten_flesh":6,"minecraft:wheat_seeds":1,"minecraft:iron_ingot":9,"minecraft:granite":14,"minecraft:stone_pickaxe":1,"minecraft:bread":6,"minecraft:iron_pickaxe":1,"minecraft:oak_planks":2,"minecraft:coal":29,"minecraft:cobblestone":284,"minecraft:furnace":4},"minecraft:custom":{"minecraft:time_since_rest":3717,"minecraft:interact_with_furnace":7,"minecraft:sprint_one_cm":49323,"minecraft:damage_taken":905,"minecraft:walk_one_cm":31948,"minecraft:damage_blocked_by_shield":100,"minecraft:mob_kills":7,"minecraft:drop":1,"minecraft:damage_dealt":1178,"minecraft:interact_with_crafting_table":5,"minecraft:swim_one_cm":3473,"minecraft:fly_one_cm":62182,"minecraft:open_chest":5,"minecraft:crouch_one_cm":1575,"minecraft:play_time":27011,"minecraft:deaths":2,"minecraft:sneak_time":1031,"minecraft:walk_under_water_one_cm":29,"minecraft:jump":339,"minecraft:leave_game":3,"minecraft:time_since_death":3692,"minecraft:walk_on_water_one_cm":232,"minecraft:total_world_time":27011,"minecraft:fall_one_cm":12396},"minecraft:killed_by":{"minecraft:zombie":1},"minecraft:killed":{"minecraft:zombie":5,"minecraft:zombie_villager":1}},"DataVersion":3953}