{"stats":{"minecraft:used":{"minecraft:oxeye_daisy":1,"minecraft:elytra":1,"minecraft:brush":10},"minecraft:picked_up":{"minecraft:netherite_ingot":8,"minecraft:diamond":32,"minecraft:brush":1,"minecraft:netherite_upgrade_smithing_template":8,"minecraft:emerald":64,"minecraft:string":8,"minecraft:elytra":1,"minecraft:oxeye_daisy":1},"minecraft:custom":{"minecraft:time_since_rest":12640,"minecraft:open_chest":2,"minecraft:interact_with_smithing_table":3,"minecraft:open_enderchest":4,"minecraft:play_time":22030,"minecraft:sprint_one_cm":40983,"minecraft:open_shulker_box":9,"minecraft:walk_one_cm":65055,"minecraft:damage_taken":289,"minecraft:deaths":1,"minecraft:aviate_one_cm":2672,"minecraft:jump":228,"minecraft:leave_game":2,"minecraft:time_since_death":14815,"minecraft:walk_on_water_one_cm":2347,"minecraft:sleep_in_bed":1,"minecraft:traded_with_villager":36,"minecraft:total_world_time":22030,"minecraft:climb_one_cm":1546,"minecraft:interact_with_crafting_table":4,"minecraft:talked_to_villager":23,"minecraft:fall_one_cm":7634,"minecraft:fly_one_cm":66111},"minecraft:mined":{"minecraft:short_grass":2,"minecraft:tall_grass":2,"minecraft:oxeye_daisy":1},"minecraft:killed_by":{"minecraft:creeper":1},"minecraft:crafted":{"minecraft:netherite_chestplate":1,"minecraft:diamond_boots":1,"minecraft:diamond_helmet":1,"minecraft:diamond_leggings":1,"minecraft:campfire":36,"minecraft:air":0,"minecraft:diamond_chestplate":1}},"DataVersion":3953}