{"stats":{"minecraft:dropped":{"minecraft:water_bucket":11,"minecraft:iron_ingot":49,"minecraft:oak_slab":28,"minecraft:wheat_seeds":6,"minecraft:golden_helmet":1,"minecraft:oak_log":4,"minecraft:diamond":7,"minecraft:diamond_leggings":1,"minecraft:cobblestone":64,"minecraft:granite":11,"minecraft:jungle_planks":5,"minecraft:coal":82,"minecraft:stick":11,"minecraft:emerald":3,"minecraft:diorite":7,"minecraft:torch":44,"minecraft:repeater":22,"minecraft:crimson_roots":1,"minecraft:diamond_helmet":2,"minecraft:iron_leggings":1,"minecraft:jungle_sapling":4,"minecraft:pumpkin":5,"minecraft:smooth_stone":1,"minecraft:string":69,"minecraft:white_wool":16,"minecraft:redstone":225,"minecraft:gravel":59,"minecraft:blackstone":3,"minecraft:ancient_debris":8,"minecraft:lever":2,"minecraft:netherite_ingot":1,"minecraft:cobbled_deepslate":117,"minecraft:cocoa_beans":7,"minecraft:tuff":55,"minecraft:raw_iron":7,"minecraft:rotten_flesh":8,"minecraft:oak_planks":102,"minecraft:comparator":2,"minecraft:cobbled_deepslate_slab":95,"minecraft:white_bed":3,"minecraft:flint_and_steel":1,"minecraft:diamond_sword":2,"minecraft:potato":1,"minecraft:gunpowder":5,"minecraft:diamond_chestplate":2,"minecraft:andesite":14,"minecraft:jungle_log":102,"minecraft:yellow_bed":1,"minecraft:spider_eye":4,"minecraft:bamboo":32,"minecraft:diamond_boots":1,"minecraft:raw_gold":7,"minecraft:quartz":44,"minecraft:netherrack":1199},"minecraft:killed":{"minecraft:spider":3,"minecraft:drowned":1,"minecraft:hoglin":2,"minecraft:cow":1},"minecraft:killed_by":{"minecraft:player":1,"minecraft:zombie":1},"minecraft:picked_up":{"minecraft:cocoa_beans":14,"minecraft:crafting_table":2,"minecraft:diamond_sword":2,"minecraft:string":4544,"minecraft:netherite_scrap":11,"minecraft:soul_soil":71,"minecraft:flint_and_steel":1,"minecraft:netherite_ingot":1,"minecraft:iron_leggings":1,"minecraft:blackstone":48,"minecraft:diamond_leggings":1,"minecraft:cobbled_deepslate":1515,"minecraft:smooth_stone":1,"minecraft:beef":3,"minecraft:redstone_torch":8,"minecraft:oak_boat":1,"minecraft:jungle_sapling":11,"minecraft:birch_sapling":7,"minecraft:diamond_hoe":2,"minecraft:furnace":1,"minecraft:golden_helmet":1,"minecraft:stick":19,"minecraft:raw_iron":9,"minecraft:torch":32,"minecraft:diorite":7,"minecraft:carrot":45,"minecraft:redstone":200,"minecraft:rotten_flesh":7,"minecraft:diamond_chestplate":2,"minecraft:diamond_boots":2,"minecraft:white_wool":57,"minecraft:cobblestone":228,"minecraft:birch_log":24,"minecraft:water_bucket":6,"minecraft:andesite":14,"minecraft:jungle_log":367,"minecraft:potato":257,"minecraft:flint":3,"minecraft:tuff":221,"minecraft:oak_log":84,"minecraft:ancient_debris":21,"minecraft:yellow_bed":1,"minecraft:lapis_lazuli":56,"minecraft:dirt":659,"minecraft:apple":2,"minecraft:wheat_seeds":69,"minecraft:raw_gold":17,"minecraft:cobbled_deepslate_slab":164,"minecraft:diamond_helmet":2,"minecraft:bamboo":342,"minecraft:oak_planks":105,"minecraft:soul_sand":2,"minecraft:scaffolding":170,"minecraft:pumpkin":5,"minecraft:quartz":29,"minecraft:poisonous_potato":1,"minecraft:gravel":124,"minecraft:jungle_planks":69,"minecraft:white_bed":21,"minecraft:barrel":2,"minecraft:spider_eye":4,"minecraft:diamond_shovel":2,"minecraft:diamond":30,"minecraft:lever":1,"minecraft:diamond_axe":1,"minecraft:granite":11,"minecraft:emerald":127,"minecraft:bread":65,"minecraft:baked_potato":33,"minecraft:oak_sapling":5,"minecraft:netherrack":1303,"minecraft:coal":78,"minecraft:crimson_roots":2,"minecraft:diamond_pickaxe":1},"minecraft:mined":{"minecraft:tuff":274,"minecraft:white_bed":24,"minecraft:deepslate_diamond_ore":29,"minecraft:jungle_leaves":54,"minecraft:granite":12,"minecraft:cobbled_deepslate_slab":18,"minecraft:grass_block":596,"minecraft:jungle_log":377,"minecraft:crimson_roots":1,"minecraft:soul_soil":79,"minecraft:smooth_stone":1,"minecraft:furnace":1,"minecraft:carrots":20,"minecraft:cobbled_deepslate":8,"minecraft:fire":113,"minecraft:iron_ore":2,"minecraft:barrel":2,"minecraft:andesite":19,"minecraft:pumpkin":5,"minecraft:deepslate_lapis_ore":4,"minecraft:potatoes":88,"minecraft:vine":32,"minecraft:bamboo":24,"minecraft:stone":210,"minecraft:tripwire":2,"minecraft:deepslate_redstone_ore":47,"minecraft:scaffolding":35,"minecraft:blackstone":46,"minecraft:soul_sand":2,"minecraft:crafting_table":2,"minecraft:torch":3,"minecraft:short_grass":192,"minecraft:nether_quartz_ore":17,"minecraft:tall_grass":59,"minecraft:cobblestone":1,"minecraft:deepslate_gold_ore":9,"minecraft:diorite":7,"minecraft:wall_torch":3,"minecraft:birch_log":18,"minecraft:birch_leaves":10,"minecraft:oak_log":80,"minecraft:coal_ore":36,"minecraft:cocoa":5,"minecraft:gravel":16,"minecraft:dirt":67,"minecraft:netherrack":584,"minecraft:ancient_debris":7,"minecraft:oak_leaves":49,"minecraft:deepslate":1295},"minecraft:custom":{"minecraft:mob_kills":8,"minecraft:interact_with_anvil":3,"minecraft:inspect_hopper":20,"minecraft:interact_with_crafting_table":59,"minecraft:open_barrel":2,"minecraft:leave_game":5,"minecraft:time_since_death":46115,"minecraft:climb_one_cm":156861,"minecraft:sprint_one_cm":668433,"minecraft:walk_one_cm":803933,"minecraft:drop":206,"minecraft:talked_to_villager":90,"minecraft:play_time":375837,"minecraft:deaths":3,"minecraft:sneak_time":47591,"minecraft:walk_under_water_one_cm":32193,"minecraft:boat_one_cm":11963,"minecraft:jump":4685,"minecraft:walk_on_water_one_cm":68061,"minecraft:total_world_time":375837,"minecraft:interact_with_furnace":62,"minecraft:traded_with_villager":76,"minecraft:sleep_in_bed":24,"minecraft:time_since_rest":12075,"minecraft:damage_taken":3194,"minecraft:damage_dealt":2058,"minecraft:swim_one_cm":198696,"minecraft:fly_one_cm":981269,"minecraft:open_chest":166,"minecraft:crouch_one_cm":166584,"minecraft:inspect_dispenser":1,"minecraft:fall_one_cm":102806},"minecraft:crafted":{"minecraft:cobbled_deepslate_slab":1008,"minecraft:oak_planks":260,"minecraft:barrel":3,"minecraft:diamond_hoe":1,"minecraft:tuff_bricks":64,"minecraft:furnace":2,"minecraft:stone":72,"minecraft:lever":1,"minecraft:diamond_shovel":2,"minecraft:polished_tuff":64,"minecraft:flint_and_steel":1,"minecraft:repeater":22,"minecraft:diamond_helmet":1,"minecraft:comparator":2,"minecraft:chest":3,"minecraft:golden_helmet":1,"minecraft:oak_slab":18,"minecraft:diamond_sword":1,"minecraft:emerald":69,"minecraft:soul_campfire":50,"minecraft:diamond_axe":1,"minecraft:crafting_table":7,"minecraft:baked_potato":59,"minecraft:bucket":6,"minecraft:air":0,"minecraft:jungle_planks":52,"minecraft:white_wool":16,"minecraft:charcoal":17,"minecraft:diamond_pickaxe":2,"minecraft:shield":1,"minecraft:stick":304,"minecraft:gold_ingot":5,"minecraft:white_bed":20,"minecraft:redstone_torch":42,"minecraft:torch":48,"minecraft:diamond_chestplate":1},"minecraft:used":{"minecraft:tuff_bricks":40,"minecraft:flint_and_steel":8,"minecraft:diamond_hoe":82,"minecraft:chest":3,"minecraft:netherrack":104,"minecraft:soul_campfire":50,"minecraft:torch":42,"minecraft:dirt":568,"minecraft:carrot":25,"minecraft:diamond_helmet":1,"minecraft:tuff":28,"minecraft:jungle_sapling":15,"minecraft:birch_sapling":7,"minecraft:crimson_roots":1,"minecraft:barrel":5,"minecraft:diamond_chestplate":1,"minecraft:beef":3,"minecraft:soul_soil":3,"minecraft:scaffolding":199,"minecraft:oak_sapling":5,"minecraft:furnace":3,"minecraft:potato":148,"minecraft:cobbled_deepslate":23,"minecraft:iron_leggings":1,"minecraft:water_bucket":1,"minecraft:diamond_boots":3,"minecraft:baked_potato":32,"minecraft:oak_planks":12,"minecraft:blackstone":39,"minecraft:diamond_axe":614,"minecraft:cookie":23,"minecraft:crafting_table":8,"minecraft:white_bed":36,"minecraft:diamond_pickaxe":2640,"minecraft:apple":2,"minecraft:diamond_shovel":754,"minecraft:bread":22,"minecraft:string":3,"minecraft:gravel":8,"minecraft:golden_helmet":1,"minecraft:diamond_sword":13,"minecraft:cobbled_deepslate_slab":979,"minecraft:bucket":6,"minecraft:oak_boat":1}},"DataVersion":3953}