{"stats":{"minecraft:picked_up":{"minecraft:cocoa_beans":14,"minecraft:crafting_table":2,"minecraft:wheat":8,"minecraft:diamond_sword":2,"minecraft:cornflower":1,"minecraft:string":4561,"minecraft:soul_soil":72,"minecraft:flint_and_steel":1,"minecraft:iron_leggings":1,"minecraft:netherite_scrap":11,"minecraft:netherite_ingot":1,"minecraft:blackstone":48,"minecraft:diamond_leggings":1,"minecraft:smooth_stone":1,"minecraft:cobbled_deepslate":1515,"minecraft:beef":3,"minecraft:oak_boat":1,"minecraft:redstone_torch":8,"minecraft:jungle_sapling":11,"minecraft:sugar_cane":8,"minecraft:birch_sapling":7,"minecraft:diamond_hoe":2,"minecraft:furnace":1,"minecraft:golden_helmet":1,"minecraft:stick":19,"minecraft:raw_iron":9,"minecraft:oak_fence":38,"minecraft:torch":32,"minecraft:diorite":7,"minecraft:carrot":45,"minecraft:redstone":200,"minecraft:rotten_flesh":7,"minecraft:diamond_chestplate":2,"minecraft:diamond_boots":2,"minecraft:white_wool":57,"minecraft:cobblestone":228,"minecraft:oxeye_daisy":2,"minecraft:birch_log":24,"minecraft:andesite":14,"minecraft:water_bucket":6,"minecraft:jungle_log":367,"minecraft:potato":257,"minecraft:flint":3,"minecraft:tuff":221,"minecraft:oak_log":84,"minecraft:ancient_debris":21,"minecraft:yellow_bed":1,"minecraft:gunpowder":2,"minecraft:lapis_lazuli":56,"minecraft:dirt":938,"minecraft:apple":2,"minecraft:wheat_seeds":121,"minecraft:raw_gold":17,"minecraft:cobbled_deepslate_slab":164,"minecraft:oak_fence_gate":3,"minecraft:diamond_helmet":2,"minecraft:bamboo":342,"minecraft:oak_planks":105,"minecraft:soul_sand":2,"minecraft:scaffolding":170,"minecraft:pumpkin":5,"minecraft:sand":13,"minecraft:quartz":29,"minecraft:dandelion":13,"minecraft:poisonous_potato":1,"minecraft:gravel":124,"minecraft:jungle_planks":69,"minecraft:white_bed":23,"minecraft:spider_eye":4,"minecraft:barrel":2,"minecraft:diamond_shovel":2,"minecraft:diamond":30,"minecraft:lever":1,"minecraft:granite":11,"minecraft:diamond_axe":1,"minecraft:bread":65,"minecraft:emerald":127,"minecraft:baked_potato":33,"minecraft:oak_sapling":5,"minecraft:netherrack":1303,"minecraft:coal":78,"minecraft:crimson_roots":2,"minecraft:diamond_pickaxe":1},"minecraft:used":{"minecraft:oak_fence":37,"minecraft:tuff_bricks":40,"minecraft:flint_and_steel":8,"minecraft:diamond_hoe":163,"minecraft:chest":3,"minecraft:soul_campfire":50,"minecraft:netherrack":104,"minecraft:torch":42,"minecraft:dirt":816,"minecraft:carrot":25,"minecraft:diamond_helmet":1,"minecraft:tuff":28,"minecraft:jungle_sapling":15,"minecraft:birch_sapling":7,"minecraft:crimson_roots":1,"minecraft:barrel":5,"minecraft:bamboo":3,"minecraft:diamond_chestplate":1,"minecraft:beef":3,"minecraft:soul_soil":26,"minecraft:scaffolding":234,"minecraft:oak_sapling":5,"minecraft:furnace":3,"minecraft:potato":148,"minecraft:cobbled_deepslate":23,"minecraft:iron_leggings":1,"minecraft:wheat_seeds":52,"minecraft:water_bucket":3,"minecraft:diamond_boots":4,"minecraft:baked_potato":39,"minecraft:oak_planks":12,"minecraft:blackstone":39,"minecraft:sugar_cane":8,"minecraft:diamond_axe":663,"minecraft:cookie":23,"minecraft:crafting_table":9,"minecraft:white_bed":38,"minecraft:cornflower":1,"minecraft:diamond_pickaxe":2640,"minecraft:apple":2,"minecraft:oxeye_daisy":2,"minecraft:diamond_shovel":1023,"minecraft:bread":22,"minecraft:string":3,"minecraft:gravel":8,"minecraft:golden_helmet":1,"minecraft:diamond_sword":13,"minecraft:cobbled_deepslate_slab":979,"minecraft:bucket":8,"minecraft:diamond_leggings":1,"minecraft:oak_boat":1,"minecraft:dandelion":13},"minecraft:mined":{"minecraft:tuff":274,"minecraft:white_bed":26,"minecraft:deepslate_diamond_ore":29,"minecraft:jungle_leaves":54,"minecraft:granite":12,"minecraft:cobbled_deepslate_slab":18,"minecraft:grass_block":749,"minecraft:jungle_log":377,"minecraft:crimson_roots":1,"minecraft:soul_soil":80,"minecraft:oxeye_daisy":2,"minecraft:smooth_stone":1,"minecraft:furnace":1,"minecraft:carrots":20,"minecraft:iron_ore":2,"minecraft:cobbled_deepslate":8,"minecraft:fire":113,"minecraft:barrel":2,"minecraft:andesite":19,"minecraft:pumpkin":5,"minecraft:deepslate_lapis_ore":4,"minecraft:dirt_path":34,"minecraft:potatoes":88,"minecraft:vine":32,"minecraft:bamboo":24,"minecraft:stone":210,"minecraft:tripwire":2,"minecraft:deepslate_redstone_ore":47,"minecraft:scaffolding":35,"minecraft:soul_sand":2,"minecraft:blackstone":46,"minecraft:dandelion":13,"minecraft:oak_fence":38,"minecraft:cornflower":1,"minecraft:crafting_table":2,"minecraft:torch":3,"minecraft:short_grass":401,"minecraft:nether_quartz_ore":17,"minecraft:tall_grass":66,"minecraft:cobblestone":1,"minecraft:deepslate_gold_ore":9,"minecraft:sugar_cane":1,"minecraft:diorite":7,"minecraft:wall_torch":3,"minecraft:wheat":8,"minecraft:birch_log":18,"minecraft:birch_leaves":10,"minecraft:oak_log":80,"minecraft:coal_ore":36,"minecraft:cocoa":5,"minecraft:oak_fence_gate":3,"minecraft:sand":13,"minecraft:gravel":16,"minecraft:dirt":143,"minecraft:ancient_debris":7,"minecraft:netherrack":584,"minecraft:oak_leaves":49,"minecraft:deepslate":1295},"minecraft:dropped":{"minecraft:water_bucket":11,"minecraft:iron_ingot":49,"minecraft:oak_slab":28,"minecraft:wheat_seeds":6,"minecraft:golden_helmet":1,"minecraft:oak_log":4,"minecraft:diamond":7,"minecraft:diamond_leggings":1,"minecraft:cobblestone":64,"minecraft:granite":11,"minecraft:jungle_planks":5,"minecraft:coal":82,"minecraft:stick":11,"minecraft:emerald":3,"minecraft:diorite":7,"minecraft:torch":44,"minecraft:repeater":22,"minecraft:crimson_roots":1,"minecraft:diamond_helmet":2,"minecraft:iron_leggings":1,"minecraft:jungle_sapling":4,"minecraft:pumpkin":5,"minecraft:smooth_stone":1,"minecraft:string":86,"minecraft:white_wool":16,"minecraft:redstone":225,"minecraft:gravel":59,"minecraft:blackstone":3,"minecraft:ancient_debris":8,"minecraft:lever":2,"minecraft:netherite_ingot":1,"minecraft:cobbled_deepslate":117,"minecraft:cocoa_beans":7,"minecraft:tuff":55,"minecraft:raw_iron":7,"minecraft:rotten_flesh":8,"minecraft:oak_planks":102,"minecraft:comparator":2,"minecraft:cobbled_deepslate_slab":95,"minecraft:white_bed":3,"minecraft:flint_and_steel":1,"minecraft:diamond_sword":2,"minecraft:potato":1,"minecraft:gunpowder":5,"minecraft:diamond_chestplate":2,"minecraft:andesite":14,"minecraft:jungle_log":102,"minecraft:yellow_bed":1,"minecraft:bamboo":32,"minecraft:spider_eye":4,"minecraft:diamond_boots":1,"minecraft:raw_gold":7,"minecraft:quartz":44,"minecraft:netherrack":1199},"minecraft:killed_by":{"minecraft:player":1,"minecraft:zombie":1},"minecraft:custom":{"minecraft:interact_with_anvil":3,"minecraft:mob_kills":9,"minecraft:animals_bred":2,"minecraft:inspect_hopper":20,"minecraft:interact_with_crafting_table":60,"minecraft:open_barrel":2,"minecraft:leave_game":6,"minecraft:time_since_death":79844,"minecraft:climb_one_cm":160826,"minecraft:sprint_one_cm":766471,"minecraft:walk_one_cm":979172,"minecraft:drop":223,"minecraft:talked_to_villager":124,"minecraft:play_time":409566,"minecraft:sneak_time":48137,"minecraft:deaths":3,"minecraft:walk_under_water_one_cm":32193,"minecraft:boat_one_cm":11963,"minecraft:jump":5139,"minecraft:walk_on_water_one_cm":71450,"minecraft:total_world_time":409566,"minecraft:interact_with_furnace":62,"minecraft:traded_with_villager":187,"minecraft:sleep_in_bed":26,"minecraft:time_since_rest":7338,"minecraft:damage_taken":3358,"minecraft:damage_dealt":2350,"minecraft:swim_one_cm":198696,"minecraft:fly_one_cm":1105333,"minecraft:open_chest":178,"minecraft:crouch_one_cm":167840,"minecraft:inspect_dispenser":1,"minecraft:fall_one_cm":112819},"minecraft:killed":{"minecraft:spider":3,"minecraft:drowned":1,"minecraft:hoglin":2,"minecraft:creeper":1,"minecraft:cow":1},"minecraft:crafted":{"minecraft:cobbled_deepslate_slab":1008,"minecraft:oak_planks":260,"minecraft:barrel":3,"minecraft:diamond_hoe":1,"minecraft:tuff_bricks":64,"minecraft:furnace":2,"minecraft:stone":72,"minecraft:lever":1,"minecraft:diamond_shovel":2,"minecraft:polished_tuff":64,"minecraft:flint_and_steel":1,"minecraft:repeater":22,"minecraft:diamond_helmet":2,"minecraft:diamond_leggings":1,"minecraft:comparator":2,"minecraft:diamond_boots":1,"minecraft:chest":3,"minecraft:golden_helmet":1,"minecraft:oak_slab":18,"minecraft:diamond_sword":1,"minecraft:emerald":176,"minecraft:soul_campfire":50,"minecraft:diamond_axe":1,"minecraft:crafting_table":7,"minecraft:baked_potato":59,"minecraft:bucket":7,"minecraft:air":0,"minecraft:jungle_planks":52,"minecraft:white_wool":16,"minecraft:diamond_pickaxe":2,"minecraft:charcoal":17,"minecraft:shield":1,"minecraft:stick":304,"minecraft:gold_ingot":5,"minecraft:white_bed":20,"minecraft:redstone_torch":42,"minecraft:torch":48,"minecraft:diamond_chestplate":2}},"DataVersion":3953}