{"stats":{"minecraft:mined":{"minecraft:short_grass":2,"minecraft:oak_log":4,"minecraft:oak_leaves":1},"minecraft:used":{"minecraft:oak_log":1},"minecraft:custom":{"minecraft:jump":128,"minecraft:time_since_rest":691,"minecraft:damage_dealt":114,"minecraft:damage_taken":145,"minecraft:crouch_one_cm":436,"minecraft:sprint_one_cm":14647,"minecraft:play_time":3702,"minecraft:time_since_death":3702,"minecraft:walk_one_cm":4565,"minecraft:sleep_in_bed":1,"minecraft:sneak_time":404,"minecraft:total_world_time":3702,"minecraft:fall_one_cm":4120,"minecraft:fly_one_cm":29127},"minecraft:crafted":{"minecraft:crafting_table":1,"minecraft:oak_planks":12},"minecraft:picked_up":{"minecraft:oak_log":4}},"DataVersion":3953}