{"stats":{"minecraft:picked_up":{"minecraft:oak_log":4,"minecraft:dirt":16,"minecraft:minecart":10,"minecraft:oak_sapling":1,"minecraft:oak_planks":4,"minecraft:rail":63,"minecraft:cobblestone":1},"minecraft:used":{"minecraft:redstone_torch":6,"minecraft:iron_shovel":14,"minecraft:iron_axe":6,"minecraft:powered_rail":6,"minecraft:oak_planks":12,"minecraft:iron_pickaxe":65,"minecraft:cookie":26,"minecraft:rail":44,"minecraft:dirt":16,"minecraft:cobblestone":3,"minecraft:crafting_table":1,"minecraft:minecart":15},"minecraft:mined":{"minecraft:short_grass":3,"minecraft:grass_block":16,"minecraft:oak_log":4,"minecraft:rail":64,"minecraft:cobblestone":1,"minecraft:oak_planks":6,"minecraft:oak_leaves":1},"minecraft:custom":{"minecraft:time_since_rest":41934,"minecraft:interact_with_furnace":5,"minecraft:sprint_one_cm":99834,"minecraft:damage_taken":100,"minecraft:walk_one_cm":151140,"minecraft:talked_to_villager":11,"minecraft:swim_one_cm":10972,"minecraft:interact_with_crafting_table":9,"minecraft:fly_one_cm":173462,"minecraft:open_chest":68,"minecraft:crouch_one_cm":7089,"minecraft:play_time":41934,"minecraft:sneak_time":1067,"minecraft:walk_under_water_one_cm":987,"minecraft:jump":826,"minecraft:leave_game":6,"minecraft:walk_on_water_one_cm":2336,"minecraft:time_since_death":41934,"minecraft:climb_one_cm":36232,"minecraft:total_world_time":41934,"minecraft:fall_one_cm":12568},"minecraft:crafted":{"minecraft:oak_planks":16,"minecraft:iron_boots":1,"minecraft:iron_chestplate":1,"minecraft:iron_axe":1,"minecraft:crafting_table":1,"minecraft:stick":16,"minecraft:powered_rail":6,"minecraft:iron_helmet":1,"minecraft:iron_pickaxe":2,"minecraft:gold_ingot":7,"minecraft:iron_shovel":1,"minecraft:iron_leggings":1,"minecraft:redstone_torch":7,"minecraft:stone":22,"minecraft:air":0,"minecraft:minecart":5}},"DataVersion":3953}