{"stats":{"minecraft:picked_up":{"minecraft:oak_log":4,"minecraft:dirt":12,"minecraft:minecart":8,"minecraft:oak_sapling":1,"minecraft:oak_planks":4,"minecraft:rail":36},"minecraft:used":{"minecraft:iron_shovel":10,"minecraft:iron_axe":5,"minecraft:oak_planks":11,"minecraft:iron_pickaxe":36,"minecraft:cookie":22,"minecraft:dirt":12,"minecraft:rail":22,"minecraft:crafting_table":1,"minecraft:minecart":9},"minecraft:mined":{"minecraft:short_grass":3,"minecraft:grass_block":12,"minecraft:oak_log":4,"minecraft:rail":36,"minecraft:oak_planks":5,"minecraft:oak_leaves":1},"minecraft:custom":{"minecraft:time_since_rest":30937,"minecraft:sprint_one_cm":79499,"minecraft:damage_taken":90,"minecraft:walk_one_cm":113722,"minecraft:talked_to_villager":9,"minecraft:swim_one_cm":10674,"minecraft:interact_with_crafting_table":4,"minecraft:fly_one_cm":140613,"minecraft:open_chest":50,"minecraft:crouch_one_cm":5602,"minecraft:play_time":30937,"minecraft:sneak_time":1017,"minecraft:walk_under_water_one_cm":961,"minecraft:jump":695,"minecraft:leave_game":3,"minecraft:walk_on_water_one_cm":1810,"minecraft:time_since_death":30937,"minecraft:climb_one_cm":34678,"minecraft:total_world_time":30937,"minecraft:fall_one_cm":11755},"minecraft:crafted":{"minecraft:oak_planks":16,"minecraft:iron_boots":1,"minecraft:iron_chestplate":1,"minecraft:iron_axe":1,"minecraft:crafting_table":1,"minecraft:stick":8,"minecraft:iron_pickaxe":2,"minecraft:iron_helmet":1,"minecraft:iron_leggings":1,"minecraft:iron_shovel":1,"minecraft:minecart":1}},"DataVersion":3953}