{"stats":{"minecraft:picked_up":{"minecraft:oak_log":4,"minecraft:oak_sapling":1},"minecraft:mined":{"minecraft:short_grass":3,"minecraft:oak_log":4,"minecraft:oak_leaves":1},"minecraft:custom":{"minecraft:time_since_rest":7235,"minecraft:open_chest":8,"minecraft:crouch_one_cm":198,"minecraft:sprint_one_cm":18087,"minecraft:play_time":7235,"minecraft:damage_taken":20,"minecraft:walk_one_cm":8545,"minecraft:sneak_time":272,"minecraft:walk_under_water_one_cm":249,"minecraft:jump":243,"minecraft:leave_game":1,"minecraft:time_since_death":7235,"minecraft:walk_on_water_one_cm":504,"minecraft:total_world_time":7235,"minecraft:climb_one_cm":28529,"minecraft:swim_one_cm":5382,"minecraft:interact_with_crafting_table":2,"minecraft:fall_one_cm":4729,"minecraft:fly_one_cm":37290},"minecraft:crafted":{"minecraft:iron_leggings":1,"minecraft:oak_planks":16,"minecraft:iron_chestplate":1,"minecraft:iron_boots":1,"minecraft:crafting_table":1,"minecraft:iron_helmet":1}},"DataVersion":3953}