{"stats":{"minecraft:picked_up":{"minecraft:jungle_log":4,"minecraft:leather":3,"minecraft:oak_log":4,"minecraft:ink_sac":1,"minecraft:dirt":36,"minecraft:wheat_seeds":1,"minecraft:beef":4,"minecraft:lectern":50,"minecraft:minecart":15,"minecraft:oak_sapling":1,"minecraft:sugar_cane":43,"minecraft:oak_planks":4,"minecraft:rail":87,"minecraft:cobblestone":7},"minecraft:used":{"minecraft:redstone_torch":6,"minecraft:iron_shovel":30,"minecraft:iron_axe":97,"minecraft:powered_rail":6,"minecraft:oak_planks":12,"minecraft:iron_pickaxe":94,"minecraft:lectern":52,"minecraft:cookie":33,"minecraft:rail":56,"minecraft:cobblestone":10,"minecraft:dirt":32,"minecraft:crafting_table":1,"minecraft:minecart":15},"minecraft:mined":{"minecraft:short_grass":3,"minecraft:grass_block":32,"minecraft:oak_log":4,"minecraft:vine":2,"minecraft:rail":87,"minecraft:jungle_log":5,"minecraft:lectern":50,"minecraft:dirt":4,"minecraft:cobblestone":7,"minecraft:oak_planks":6,"minecraft:sugar_cane":27,"minecraft:oak_leaves":1},"minecraft:custom":{"minecraft:time_since_rest":70507,"minecraft:interact_with_furnace":5,"minecraft:sprint_one_cm":136359,"minecraft:damage_taken":100,"minecraft:walk_one_cm":215177,"minecraft:mob_kills":3,"minecraft:damage_dealt":421,"minecraft:traded_with_villager":16,"minecraft:swim_one_cm":10972,"minecraft:interact_with_crafting_table":13,"minecraft:fly_one_cm":242847,"minecraft:talked_to_villager":110,"minecraft:open_chest":79,"minecraft:crouch_one_cm":7433,"minecraft:play_time":70507,"minecraft:sneak_time":1148,"minecraft:walk_under_water_one_cm":987,"minecraft:jump":1063,"minecraft:leave_game":10,"minecraft:time_since_death":70507,"minecraft:walk_on_water_one_cm":2581,"minecraft:total_world_time":70507,"minecraft:climb_one_cm":37942,"minecraft:fall_one_cm":16388},"minecraft:killed":{"minecraft:horse":1,"minecraft:cow":2},"minecraft:crafted":{"minecraft:oak_planks":16,"minecraft:lectern":2,"minecraft:iron_chestplate":1,"minecraft:emerald":15,"minecraft:iron_boots":1,"minecraft:book":3,"minecraft:paper":42,"minecraft:iron_axe":1,"minecraft:crafting_table":1,"minecraft:stick":16,"minecraft:powered_rail":6,"minecraft:iron_helmet":1,"minecraft:iron_pickaxe":2,"minecraft:iron_shovel":1,"minecraft:gold_ingot":7,"minecraft:iron_leggings":1,"minecraft:redstone_torch":7,"minecraft:stone":22,"minecraft:bookshelf":2,"minecraft:minecart":5,"minecraft:air":0,"minecraft:jungle_planks":16}},"DataVersion":3953}