{"stats":{"minecraft:picked_up":{"minecraft:oak_log":4,"minecraft:oak_sapling":1,"minecraft:rail":5},"minecraft:used":{"minecraft:cookie":15,"minecraft:iron_pickaxe":5},"minecraft:mined":{"minecraft:short_grass":3,"minecraft:oak_log":4,"minecraft:rail":5,"minecraft:oak_leaves":1},"minecraft:custom":{"minecraft:time_since_rest":19082,"minecraft:open_chest":45,"minecraft:crouch_one_cm":1776,"minecraft:play_time":19082,"minecraft:sprint_one_cm":50862,"minecraft:damage_taken":90,"minecraft:walk_one_cm":31947,"minecraft:sneak_time":757,"minecraft:walk_under_water_one_cm":788,"minecraft:jump":541,"minecraft:leave_game":2,"minecraft:time_since_death":19082,"minecraft:walk_on_water_one_cm":1534,"minecraft:climb_one_cm":34678,"minecraft:total_world_time":19082,"minecraft:swim_one_cm":9918,"minecraft:interact_with_crafting_table":3,"minecraft:talked_to_villager":6,"minecraft:fall_one_cm":10054,"minecraft:fly_one_cm":109650},"minecraft:crafted":{"minecraft:iron_shovel":1,"minecraft:iron_leggings":1,"minecraft:oak_planks":16,"minecraft:iron_boots":1,"minecraft:iron_chestplate":1,"minecraft:iron_axe":1,"minecraft:crafting_table":1,"minecraft:stick":8,"minecraft:iron_pickaxe":2,"minecraft:iron_helmet":1}},"DataVersion":3953}