{"stats":{"minecraft:mined":{"minecraft:tall_grass":1,"minecraft:short_grass":20,"minecraft:grass_block":1},"minecraft:used":{"minecraft:dirt":1},"minecraft:custom":{"minecraft:jump":341,"minecraft:time_since_rest":9616,"minecraft:leave_game":1,"minecraft:crouch_one_cm":11,"minecraft:sprint_one_cm":19682,"minecraft:play_time":9616,"minecraft:damage_taken":160,"minecraft:time_since_death":9616,"minecraft:walk_one_cm":4319,"minecraft:sneak_time":82,"minecraft:total_world_time":9616,"minecraft:drop":1,"minecraft:fall_one_cm":12548,"minecraft:fly_one_cm":67800},"minecraft:dropped":{"minecraft:wheat_seeds":1},"minecraft:picked_up":{"minecraft:wheat_seeds":1,"minecraft:dirt":1}},"DataVersion":3953}