{"stats":{"minecraft:used":{"minecraft:water_bucket":2,"minecraft:diamond_axe":3,"minecraft:dirt":1,"minecraft:crafting_table":5,"minecraft:obsidian":6,"minecraft:oak_log":6,"minecraft:diamond_pickaxe":43,"minecraft:diamond_shovel":9,"minecraft:bread":11,"minecraft:iron_pickaxe":159,"minecraft:iron_helmet":1,"minecraft:iron_boots":3,"minecraft:diamond_sword":10,"minecraft:cobblestone":57,"minecraft:hay_block":6,"minecraft:bucket":2,"minecraft:oak_boat":4,"minecraft:iron_leggings":1},"minecraft:mined":{"minecraft:white_bed":4,"minecraft:deepslate_diamond_ore":11,"minecraft:obsidian":9,"minecraft:crafting_table":4,"minecraft:granite":11,"minecraft:short_grass":19,"minecraft:tall_grass":8,"minecraft:copper_ore":2,"minecraft:cobblestone":1,"minecraft:deepslate_gold_ore":2,"minecraft:sugar_cane":18,"minecraft:diorite":14,"minecraft:hay_block":28,"minecraft:iron_ore":20,"minecraft:fire":2,"minecraft:andesite":3,"minecraft:yellow_bed":5,"minecraft:oak_log":12,"minecraft:coal_ore":14,"minecraft:sunflower":10,"minecraft:gravel":9,"minecraft:dirt":2,"minecraft:stone":74,"minecraft:oak_leaves":7,"minecraft:deepslate":39},"minecraft:crafted":{"minecraft:oak_planks":20,"minecraft:diamond_sword":1,"minecraft:diamond_axe":1,"minecraft:crafting_table":2,"minecraft:bucket":1,"minecraft:diamond_shovel":1,"minecraft:flint_and_steel":1,"minecraft:oak_boat":1,"minecraft:diamond_pickaxe":1,"minecraft:stick":12,"minecraft:iron_pickaxe":1},"minecraft:dropped":{"minecraft:wheat_seeds":2,"minecraft:cobblestone":14,"minecraft:rotten_flesh":4,"minecraft:oak_planks":2,"minecraft:granite":11,"minecraft:white_bed":1,"minecraft:dirt":3,"minecraft:potato":9,"minecraft:diorite":14,"minecraft:andesite":6,"minecraft:oak_sapling":12,"minecraft:gold_nugget":2},"minecraft:picked_up":{"minecraft:crafting_table":4,"minecraft:andesite":6,"minecraft:flint":1,"minecraft:oak_log":11,"minecraft:yellow_bed":5,"minecraft:dirt":5,"minecraft:raw_copper":6,"minecraft:wheat_seeds":2,"minecraft:gold_nugget":1,"minecraft:cobbled_deepslate":38,"minecraft:raw_gold":2,"minecraft:oak_boat":4,"minecraft:iron_ingot":5,"minecraft:sugar_cane":40,"minecraft:oak_planks":1,"minecraft:raw_iron":20,"minecraft:gravel":8,"minecraft:diorite":14,"minecraft:white_bed":5,"minecraft:rotten_flesh":4,"minecraft:diamond":11,"minecraft:hay_block":26,"minecraft:granite":11,"minecraft:oak_sapling":6,"minecraft:obsidian":9,"minecraft:coal":14,"minecraft:cobblestone":85,"minecraft:sunflower":10},"minecraft:custom":{"minecraft:mob_kills":3,"minecraft:interact_with_crafting_table":11,"minecraft:leave_game":1,"minecraft:time_since_death":30583,"minecraft:time_since_rest":30586,"minecraft:sprint_one_cm":62361,"minecraft:damage_taken":728,"minecraft:walk_one_cm":30218,"minecraft:drop":20,"minecraft:damage_dealt":838,"minecraft:swim_one_cm":3708,"minecraft:talked_to_villager":2,"minecraft:fly_one_cm":159814,"minecraft:open_chest":8,"minecraft:crouch_one_cm":9236,"minecraft:play_time":43841,"minecraft:deaths":1,"minecraft:sneak_time":4726,"minecraft:walk_under_water_one_cm":4996,"minecraft:boat_one_cm":76169,"minecraft:jump":723,"minecraft:walk_on_water_one_cm":22915,"minecraft:total_world_time":43841,"minecraft:fall_one_cm":27616},"minecraft:killed_by":{"minecraft:zombie":1},"minecraft:killed":{"minecraft:zombie":3}},"DataVersion":3953}