{"stats":{"minecraft:used":{"minecraft:water_bucket":2,"minecraft:flint_and_steel":2,"minecraft:diamond_axe":3,"minecraft:netherrack":3,"minecraft:dirt":5,"minecraft:crafting_table":7,"minecraft:obsidian":6,"minecraft:oak_log":6,"minecraft:diamond_pickaxe":52,"minecraft:diamond_shovel":12,"minecraft:bread":25,"minecraft:iron_pickaxe":160,"minecraft:iron_helmet":1,"minecraft:iron_boots":3,"minecraft:gravel":8,"minecraft:diamond_sword":92,"minecraft:cobblestone":57,"minecraft:hay_block":6,"minecraft:bucket":3,"minecraft:oak_boat":4,"minecraft:cobbled_deepslate":38,"minecraft:iron_leggings":1},"minecraft:mined":{"minecraft:white_bed":4,"minecraft:deepslate_diamond_ore":11,"minecraft:crimson_nylium":1,"minecraft:obsidian":9,"minecraft:crafting_table":5,"minecraft:granite":11,"minecraft:short_grass":19,"minecraft:weeping_vines":1,"minecraft:tall_grass":8,"minecraft:copper_ore":2,"minecraft:cobblestone":1,"minecraft:deepslate_gold_ore":2,"minecraft:sugar_cane":18,"minecraft:diorite":14,"minecraft:hay_block":28,"minecraft:weeping_vines_plant":3,"minecraft:nether_wart_block":9,"minecraft:iron_ore":20,"minecraft:fire":10,"minecraft:andesite":3,"minecraft:yellow_bed":5,"minecraft:oak_log":12,"minecraft:coal_ore":14,"minecraft:sunflower":10,"minecraft:gravel":9,"minecraft:dirt":5,"minecraft:stone":74,"minecraft:netherrack":2,"minecraft:oak_leaves":7,"minecraft:deepslate":39},"minecraft:crafted":{"minecraft:oak_planks":20,"minecraft:diamond_sword":1,"minecraft:diamond_axe":1,"minecraft:crafting_table":2,"minecraft:blaze_powder":12,"minecraft:bucket":1,"minecraft:diamond_shovel":1,"minecraft:bread":59,"minecraft:flint_and_steel":1,"minecraft:oak_boat":1,"minecraft:diamond_pickaxe":1,"minecraft:stick":12,"minecraft:iron_pickaxe":1,"minecraft:wheat":180},"minecraft:dropped":{"minecraft:wheat_seeds":2,"minecraft:weeping_vines":6,"minecraft:rotten_flesh":4,"minecraft:cobblestone":14,"minecraft:oak_planks":2,"minecraft:granite":11,"minecraft:white_bed":1,"minecraft:dirt":3,"minecraft:potato":9,"minecraft:diorite":14,"minecraft:andesite":6,"minecraft:oak_sapling":12,"minecraft:gold_nugget":2},"minecraft:picked_up":{"minecraft:crafting_table":5,"minecraft:andesite":6,"minecraft:flint":1,"minecraft:oak_log":11,"minecraft:yellow_bed":5,"minecraft:nether_wart_block":4,"minecraft:dirt":8,"minecraft:raw_copper":6,"minecraft:wheat_seeds":2,"minecraft:gold_nugget":1,"minecraft:cobbled_deepslate":38,"minecraft:raw_gold":2,"minecraft:iron_ingot":5,"minecraft:oak_boat":4,"minecraft:sugar_cane":40,"minecraft:oak_planks":1,"minecraft:raw_iron":20,"minecraft:gravel":8,"minecraft:diorite":14,"minecraft:white_bed":5,"minecraft:weeping_vines":7,"minecraft:rotten_flesh":4,"minecraft:diamond":11,"minecraft:hay_block":26,"minecraft:granite":11,"minecraft:oak_sapling":6,"minecraft:blaze_rod":6,"minecraft:netherrack":3,"minecraft:obsidian":9,"minecraft:coal":14,"minecraft:cobblestone":85,"minecraft:sunflower":10},"minecraft:custom":{"minecraft:mob_kills":20,"minecraft:interact_with_crafting_table":13,"minecraft:leave_game":3,"minecraft:time_since_death":42258,"minecraft:climb_one_cm":928,"minecraft:time_since_rest":42261,"minecraft:sprint_one_cm":86304,"minecraft:damage_taken":1585,"minecraft:walk_one_cm":67054,"minecraft:drop":26,"minecraft:damage_dealt":4661,"minecraft:swim_one_cm":3708,"minecraft:talked_to_villager":2,"minecraft:fly_one_cm":230796,"minecraft:open_chest":8,"minecraft:crouch_one_cm":13547,"minecraft:play_time":55516,"minecraft:deaths":1,"minecraft:sneak_time":5751,"minecraft:walk_under_water_one_cm":5595,"minecraft:boat_one_cm":76169,"minecraft:jump":894,"minecraft:walk_on_water_one_cm":27730,"minecraft:total_world_time":55516,"minecraft:fall_one_cm":29501},"minecraft:killed_by":{"minecraft:zombie":1},"minecraft:killed":{"minecraft:hoglin":1,"minecraft:zombie":3,"minecraft:blaze":16}},"DataVersion":3953}