{"stats":{"minecraft:used":{"minecraft:oak_log":5,"minecraft:dirt":1},"minecraft:mined":{"minecraft:oak_log":6,"minecraft:oak_leaves":6,"minecraft:dirt":1},"minecraft:picked_up":{"minecraft:oak_log":5,"minecraft:dirt":1},"minecraft:custom":{"minecraft:jump":75,"minecraft:deaths":1,"minecraft:time_since_rest":254,"minecraft:damage_dealt":25,"minecraft:crouch_one_cm":247,"minecraft:sprint_one_cm":3081,"minecraft:play_time":13509,"minecraft:damage_taken":253,"minecraft:time_since_death":251,"minecraft:walk_one_cm":4065,"minecraft:sneak_time":156,"minecraft:total_world_time":13509,"minecraft:fall_one_cm":3899,"minecraft:fly_one_cm":6463,"minecraft:leave_game":1},"minecraft:killed_by":{"minecraft:zombie":1}},"DataVersion":3953}