{"stats":{"minecraft:used":{"minecraft:oak_log":6,"minecraft:diamond_pickaxe":3,"minecraft:bread":7,"minecraft:iron_pickaxe":159,"minecraft:iron_helmet":1,"minecraft:iron_boots":1,"minecraft:dirt":1,"minecraft:cobblestone":4,"minecraft:hay_block":6,"minecraft:crafting_table":3,"minecraft:oak_boat":2,"minecraft:iron_leggings":1},"minecraft:crafted":{"minecraft:oak_boat":1,"minecraft:oak_planks":20,"minecraft:diamond_pickaxe":1,"minecraft:crafting_table":2,"minecraft:stick":4,"minecraft:iron_pickaxe":1},"minecraft:mined":{"minecraft:hay_block":28,"minecraft:white_bed":4,"minecraft:deepslate_diamond_ore":4,"minecraft:iron_ore":20,"minecraft:fire":2,"minecraft:andesite":3,"minecraft:yellow_bed":5,"minecraft:crafting_table":2,"minecraft:granite":11,"minecraft:short_grass":15,"minecraft:coal_ore":14,"minecraft:oak_log":12,"minecraft:sunflower":10,"minecraft:dirt":2,"minecraft:copper_ore":2,"minecraft:tall_grass":8,"minecraft:cobblestone":1,"minecraft:deepslate_gold_ore":2,"minecraft:stone":63,"minecraft:sugar_cane":12,"minecraft:diorite":14,"minecraft:oak_leaves":7,"minecraft:deepslate":26},"minecraft:dropped":{"minecraft:dirt":3,"minecraft:wheat_seeds":1,"minecraft:rotten_flesh":2,"minecraft:granite":11},"minecraft:picked_up":{"minecraft:raw_iron":20,"minecraft:crafting_table":2,"minecraft:andesite":3,"minecraft:oak_log":11,"minecraft:diorite":14,"minecraft:yellow_bed":5,"minecraft:white_bed":4,"minecraft:dirt":5,"minecraft:raw_copper":6,"minecraft:rotten_flesh":2,"minecraft:diamond":4,"minecraft:wheat_seeds":2,"minecraft:cobbled_deepslate":25,"minecraft:raw_gold":2,"minecraft:hay_block":26,"minecraft:granite":11,"minecraft:iron_ingot":5,"minecraft:oak_boat":2,"minecraft:sugar_cane":26,"minecraft:coal":14,"minecraft:cobblestone":64,"minecraft:sunflower":10},"minecraft:custom":{"minecraft:time_since_rest":18586,"minecraft:sprint_one_cm":44590,"minecraft:damage_taken":529,"minecraft:walk_one_cm":23374,"minecraft:drop":6,"minecraft:damage_dealt":219,"minecraft:interact_with_crafting_table":6,"minecraft:talked_to_villager":2,"minecraft:fly_one_cm":99462,"minecraft:open_chest":8,"minecraft:crouch_one_cm":7278,"minecraft:play_time":31841,"minecraft:deaths":1,"minecraft:sneak_time":2580,"minecraft:walk_under_water_one_cm":1046,"minecraft:boat_one_cm":46892,"minecraft:jump":442,"minecraft:leave_game":1,"minecraft:time_since_death":18583,"minecraft:walk_on_water_one_cm":1745,"minecraft:total_world_time":31841,"minecraft:fall_one_cm":16953},"minecraft:killed_by":{"minecraft:zombie":1}},"DataVersion":3953}