{"stats":{"minecraft:used":{"minecraft:stone_sword":30,"minecraft:stone_pickaxe":13,"minecraft:wooden_pickaxe":37,"minecraft:stone_axe":2,"minecraft:white_wool":1,"minecraft:mutton":1,"minecraft:crafting_table":3,"minecraft:furnace":1,"minecraft:porkchop":1,"minecraft:cooked_beef":1},"minecraft:mined":{"minecraft:furnace":1,"minecraft:crafting_table":3,"minecraft:short_grass":8,"minecraft:grass_block":1,"minecraft:coal_ore":9,"minecraft:oak_log":9,"minecraft:stone":21,"minecraft:white_wool":1,"minecraft:oak_leaves":1},"minecraft:crafted":{"minecraft:cooked_beef":6,"minecraft:oak_planks":36,"minecraft:crafting_table":1,"minecraft:stick":16,"minecraft:wooden_pickaxe":1,"minecraft:stone_pickaxe":1,"minecraft:stone_sword":1,"minecraft:furnace":1,"minecraft:stone_axe":1,"minecraft:air":0},"minecraft:dropped":{"minecraft:wooden_pickaxe":1},"minecraft:picked_up":{"minecraft:crafting_table":3,"minecraft:leather":2,"minecraft:wooden_pickaxe":1,"minecraft:porkchop":8,"minecraft:oak_log":9,"minecraft:dirt":1,"minecraft:bone":2,"minecraft:arrow":2,"minecraft:beef":6,"minecraft:mutton":1,"minecraft:coal":17,"minecraft:white_wool":2,"minecraft:cobblestone":21,"minecraft:furnace":1},"minecraft:custom":{"minecraft:time_since_rest":8166,"minecraft:interact_with_furnace":13,"minecraft:sprint_one_cm":17340,"minecraft:damage_taken":185,"minecraft:walk_one_cm":17610,"minecraft:mob_kills":10,"minecraft:drop":1,"minecraft:damage_dealt":1139,"minecraft:swim_one_cm":1300,"minecraft:interact_with_crafting_table":4,"minecraft:fly_one_cm":37707,"minecraft:crouch_one_cm":5498,"minecraft:play_time":8166,"minecraft:sneak_time":1601,"minecraft:walk_under_water_one_cm":420,"minecraft:jump":186,"minecraft:time_since_death":8166,"minecraft:walk_on_water_one_cm":1279,"minecraft:total_world_time":8166,"minecraft:fall_one_cm":6332},"minecraft:killed":{"minecraft:sheep":1,"minecraft:skeleton":1,"minecraft:zombie":1,"minecraft:pig":5,"minecraft:cow":2}},"DataVersion":3953}