{"stats":{"minecraft:used":{"minecraft:water_bucket":6,"minecraft:stone_sword":113,"minecraft:stone_pickaxe":126,"minecraft:oak_planks":66,"minecraft:wooden_pickaxe":37,"minecraft:white_wool":1,"minecraft:dirt":34,"minecraft:mutton":1,"minecraft:crafting_table":6,"minecraft:carrot":1,"minecraft:white_bed":8,"minecraft:cornflower":1,"minecraft:apple":2,"minecraft:iron_pickaxe":29,"minecraft:stone_axe":21,"minecraft:cobblestone":6,"minecraft:furnace":2,"minecraft:porkchop":1,"minecraft:bucket":7,"minecraft:yellow_bed":3,"minecraft:cooked_beef":5},"minecraft:broken":{"minecraft:stone_sword":1},"minecraft:mined":{"minecraft:diamond_ore":7,"minecraft:white_bed":6,"minecraft:deepslate_diamond_ore":1,"minecraft:dandelion":4,"minecraft:crafting_table":5,"minecraft:cornflower":1,"minecraft:short_grass":26,"minecraft:grass_block":22,"minecraft:tall_grass":3,"minecraft:cobblestone":3,"minecraft:composter":1,"minecraft:oxeye_daisy":1,"minecraft:furnace":1,"minecraft:carrots":12,"minecraft:yellow_wool":3,"minecraft:iron_ore":4,"minecraft:wheat":12,"minecraft:andesite":6,"minecraft:yellow_bed":2,"minecraft:azure_bluet":1,"minecraft:oak_log":25,"minecraft:potatoes":1,"minecraft:coal_ore":9,"minecraft:deepslate_iron_ore":1,"minecraft:beetroots":1,"minecraft:dirt_path":6,"minecraft:dirt":9,"minecraft:stone":128,"minecraft:white_wool":4,"minecraft:deepslate":13,"minecraft:oak_leaves":1},"minecraft:crafted":{"minecraft:cooked_beef":6,"minecraft:oak_planks":96,"minecraft:crafting_table":1,"minecraft:wooden_pickaxe":1,"minecraft:furnace":1,"minecraft:yellow_bed":1,"minecraft:bucket":1,"minecraft:stone_axe":1,"minecraft:air":0,"minecraft:stick":16,"minecraft:iron_ingot":5,"minecraft:iron_pickaxe":1,"minecraft:stone_pickaxe":1,"minecraft:stone_sword":1,"minecraft:white_bed":2,"minecraft:stone_hoe":1},"minecraft:dropped":{"minecraft:wooden_pickaxe":1},"minecraft:picked_up":{"minecraft:crafting_table":5,"minecraft:azure_bluet":2,"minecraft:andesite":6,"minecraft:yellow_wool":3,"minecraft:leather":13,"minecraft:wooden_pickaxe":1,"minecraft:potato":1,"minecraft:oak_log":24,"minecraft:yellow_bed":2,"minecraft:cornflower":1,"minecraft:dirt":36,"minecraft:bone":2,"minecraft:apple":2,"minecraft:wheat_seeds":18,"minecraft:cobbled_deepslate":13,"minecraft:beef":31,"minecraft:furnace":1,"minecraft:raw_iron":5,"minecraft:stick":1,"minecraft:composter":1,"minecraft:dandelion":5,"minecraft:porkchop":14,"minecraft:white_bed":6,"minecraft:carrot":12,"minecraft:arrow":2,"minecraft:diamond":8,"minecraft:beetroot_seeds":1,"minecraft:mutton":4,"minecraft:coal":17,"minecraft:white_wool":8,"minecraft:cobblestone":131,"minecraft:oxeye_daisy":2},"minecraft:custom":{"minecraft:interact_with_furnace":20,"minecraft:mob_kills":25,"minecraft:interact_with_crafting_table":9,"minecraft:leave_game":1,"minecraft:time_since_death":31738,"minecraft:time_since_rest":31738,"minecraft:sprint_one_cm":92808,"minecraft:damage_taken":393,"minecraft:walk_one_cm":80900,"minecraft:drop":1,"minecraft:damage_dealt":2579,"minecraft:swim_one_cm":1300,"minecraft:fly_one_cm":186827,"minecraft:open_chest":2,"minecraft:crouch_one_cm":16010,"minecraft:play_time":31738,"minecraft:sneak_time":4493,"minecraft:walk_under_water_one_cm":1018,"minecraft:jump":935,"minecraft:walk_on_water_one_cm":2186,"minecraft:total_world_time":31738,"minecraft:fall_one_cm":31617},"minecraft:killed":{"minecraft:pig":7,"minecraft:sheep":4,"minecraft:skeleton":1,"minecraft:zombie":1,"minecraft:cow":12}},"DataVersion":3953}