{"stats":{"minecraft:used":{"minecraft:water_bucket":17,"minecraft:stone_sword":113,"minecraft:stone_pickaxe":127,"minecraft:oak_planks":81,"minecraft:wooden_pickaxe":37,"minecraft:sugar_cane":13,"minecraft:stone_hoe":4,"minecraft:white_wool":1,"minecraft:dirt":41,"minecraft:mutton":1,"minecraft:crafting_table":9,"minecraft:carrot":13,"minecraft:white_bed":8,"minecraft:granite":18,"minecraft:cornflower":1,"minecraft:apple":2,"minecraft:iron_axe":7,"minecraft:iron_pickaxe":213,"minecraft:stone_axe":63,"minecraft:cobblestone":24,"minecraft:furnace":3,"minecraft:porkchop":1,"minecraft:andesite":22,"minecraft:bucket":18,"minecraft:yellow_bed":3,"minecraft:cooked_beef":13,"minecraft:bone_meal":18},"minecraft:picked_up":{"minecraft:crafting_table":7,"minecraft:azure_bluet":4,"minecraft:cooked_beef":4,"minecraft:andesite":22,"minecraft:yellow_wool":3,"minecraft:leather":13,"minecraft:wooden_pickaxe":2,"minecraft:potato":1,"minecraft:oak_log":32,"minecraft:yellow_bed":2,"minecraft:cornflower":1,"minecraft:dirt":43,"minecraft:bone":6,"minecraft:apple":2,"minecraft:bow":1,"minecraft:wheat_seeds":22,"minecraft:cobbled_deepslate":23,"minecraft:beef":31,"minecraft:iron_pickaxe":1,"minecraft:sugar_cane":39,"minecraft:oak_planks":3,"minecraft:furnace":2,"minecraft:stick":1,"minecraft:raw_iron":11,"minecraft:composter":1,"minecraft:dandelion":5,"minecraft:porkchop":19,"minecraft:white_bed":6,"minecraft:carrot":34,"minecraft:arrow":4,"minecraft:rotten_flesh":2,"minecraft:diamond":20,"minecraft:stone_axe":1,"minecraft:beetroot_seeds":1,"minecraft:granite":36,"minecraft:mutton":4,"minecraft:coal":18,"minecraft:white_wool":8,"minecraft:cobblestone":230,"minecraft:oxeye_daisy":2},"minecraft:broken":{"minecraft:stone_sword":1},"minecraft:mined":{"minecraft:diamond_ore":12,"minecraft:white_bed":6,"minecraft:farmland":6,"minecraft:deepslate_diamond_ore":8,"minecraft:dandelion":4,"minecraft:crafting_table":7,"minecraft:cornflower":1,"minecraft:granite":18,"minecraft:short_grass":49,"minecraft:grass_block":22,"minecraft:tall_grass":5,"minecraft:cobblestone":3,"minecraft:oak_planks":3,"minecraft:composter":1,"minecraft:sugar_cane":21,"minecraft:oxeye_daisy":1,"minecraft:diorite":3,"minecraft:furnace":2,"minecraft:carrots":20,"minecraft:yellow_wool":3,"minecraft:iron_ore":10,"minecraft:wheat":12,"minecraft:andesite":31,"minecraft:yellow_bed":2,"minecraft:azure_bluet":1,"minecraft:potatoes":1,"minecraft:oak_log":33,"minecraft:coal_ore":9,"minecraft:dirt_path":6,"minecraft:beetroots":1,"minecraft:deepslate_iron_ore":1,"minecraft:dirt":11,"minecraft:stone":238,"minecraft:white_wool":4,"minecraft:oak_leaves":3,"minecraft:deepslate":23},"minecraft:dropped":{"minecraft:stone_axe":2,"minecraft:cobblestone":4,"minecraft:rotten_flesh":2,"minecraft:granite":18,"minecraft:dirt":2,"minecraft:beetroot_seeds":1,"minecraft:oak_sapling":6,"minecraft:wooden_pickaxe":3,"minecraft:stone_pickaxe":1,"minecraft:iron_pickaxe":1,"minecraft:dandelion":5},"minecraft:custom":{"minecraft:interact_with_furnace":40,"minecraft:mob_kills":32,"minecraft:interact_with_crafting_table":26,"minecraft:leave_game":5,"minecraft:time_since_death":75957,"minecraft:time_since_rest":75957,"minecraft:sprint_one_cm":169668,"minecraft:damage_taken":1082,"minecraft:walk_one_cm":149538,"minecraft:drop":15,"minecraft:damage_dealt":4092,"minecraft:swim_one_cm":17759,"minecraft:fly_one_cm":345149,"minecraft:open_chest":2,"minecraft:play_time":75957,"minecraft:crouch_one_cm":24417,"minecraft:sneak_time":6957,"minecraft:walk_under_water_one_cm":4275,"minecraft:jump":1899,"minecraft:walk_on_water_one_cm":5551,"minecraft:total_world_time":75957,"minecraft:fall_one_cm":61598},"minecraft:killed":{"minecraft:pig":9,"minecraft:skeleton":4,"minecraft:sheep":4,"minecraft:zombie":3,"minecraft:cow":12},"minecraft:crafted":{"minecraft:cooked_beef":27,"minecraft:oak_planks":112,"minecraft:cooked_porkchop":13,"minecraft:crafting_table":2,"minecraft:wooden_pickaxe":1,"minecraft:furnace":1,"minecraft:yellow_bed":1,"minecraft:bone_meal":18,"minecraft:bucket":1,"minecraft:stone_axe":1,"minecraft:air":0,"minecraft:diamond_helmet":1,"minecraft:diamond_leggings":1,"minecraft:shield":1,"minecraft:iron_axe":1,"minecraft:stick":16,"minecraft:iron_ingot":8,"minecraft:iron_pickaxe":2,"minecraft:stone_pickaxe":1,"minecraft:stone_sword":1,"minecraft:white_bed":2,"minecraft:stone_hoe":1,"minecraft:diamond_chestplate":1}},"DataVersion":3953}